Brand,Title,Product_Url,Average_rating,Product_Code,Reviews,Selling_Price,Orginal_Price,Discount,Sales_Status,Composition
FatFace,Fleece Ribbed Pyjama Bottoms,https://www.marksandspencer.com/fleece-ribbed-pyjama-bottoms/p/clp22567946#intid=pid_pg1pip48g2r1c1,0,T835674W,,32,32,0,,"63% polyester, 34% viscose lenzing™ ecovero™ and 3% elastane"
FatFace,Pure Cotton Bird Print Pyjama Set,https://www.marksandspencer.com/pure-cotton-bird-print-pyjama-set/p/clp22570216#intid=pid_pg1pip48g2r1c2,0,T835456W,,55,55,0,,100% cotton
FatFace,Waffle Funnel Neck Pyjama Top,https://www.marksandspencer.com/waffle-funnel-neck-pyjama-top/p/clp22567945#intid=pid_pg1pip48g2r2c1,0,T835673W,,36.5,36.5,0,,"63% polyester, 34% viscose lenzing™ ecovero™ and 3% elastane"
FatFace,Cotton Rich Printed Cropped Pyjama Bottoms,https://www.marksandspencer.com/cotton-rich-printed-cropped-pyjama-bottoms/p/clp22567947#intid=pid_pg1pip48g2r2c2,0,T835675W,,32.5,32.5,0,,"95% cotton, 5% elastane"
M&S Collection,Teddy Borg Hooded Cardigan,https://www.marksandspencer.com/teddy-fleece-short-dressing-gown/p/clp60567087?color=DUSTYGREEN#intid=pid_pg1pip48g2r3c1,4.38,T372427G,130,25,25,0,,"100% polyester (exclusive of trimmings), Ribbing - 95% cotton, 5% elastane"
M&S Collection,Teddy Borg Hooded Cardigan,https://www.marksandspencer.com/teddy-fleece-short-dressing-gown/p/clp60567087?color=ANTIQUEROSE#intid=pid_pg1pip48g2r3c2,4.38,T372427G,130,25,25,0,,"100% polyester (exclusive of trimmings), Ribbing - 95% cotton, 5% elastane"
M&S Collection,Cotton Modal Pyjama Set,https://www.marksandspencer.com/cotton-modal-pyjama-set/p/clp60458447#intid=pid_pg1pip48g2r4c1,4.36,T371566J,692,30,30,0,,"50% cotton, 50% modal (exclusive of trimmings), Contains non-textile parts of animal origin"
Body,Body Soft™ Lace Detail Nightdress,https://www.marksandspencer.com/lace-detail-short-nightdress/p/clp60616221?color=RASPBERRY#intid=pid_pg1pip48g2r4c2,4.53,T373257M,38,15,15,0,,"96% viscose, 4% elastane (exclusive of trimmings)"
Body,Body Soft™ Lace Trim Chemise,https://www.marksandspencer.com/body-soft-lace-trim-chemise/p/clp60618639?color=BLACK#intid=pid_pg1pip48g2r5c1,4.48,T375083C,21,25,25,0,,"96% viscose, 4% elastane (exclusive of trimmings)"
M&S Collection,Teddy Borg Hooded Cardigan,https://www.marksandspencer.com/teddy-fleece-short-dressing-gown/p/clp60567087?color=SILVERGREY#intid=pid_pg1pip48g2r5c2,4.38,T372427G,130,25,25,0,,"100% polyester (exclusive of trimmings), Ribbing - 95% cotton, 5% elastane"
Body,Body Soft™ Lace Trim Chemise,https://www.marksandspencer.com/body-soft-lace-trim-chemise/p/clp60618639?color=RASPBERRY#intid=pid_pg1pip48g2r6c1,4.48,T375083C,21,25,25,0,,"96% viscose, 4% elastane (exclusive of trimmings)"
Body,Body Soft™ Lace Detail Pyjama Top,https://www.marksandspencer.com/lace-detail-pyjama-top/p/clp60621094?color=DARKRASPBERRY#intid=pid_pg1pip48g2r6c2,4.74,T373488T,19,10,10,0,,"96% viscose, 4% elastane (exclusive of trimmings)"
Body,Pure Cotton Dressing Gown,https://www.marksandspencer.com/pure-cotton-towelling-long-dressing-gown/p/clp60544802#intid=pid_pg1pip48g2r7c1,4.5,T372275G,387,36,36,0,,"100% cotton (exclusive of trimmings), With belt"
Body,Body Soft™ Lace Detail Lounge Joggers,https://www.marksandspencer.com/body-soft-lace-detail-lounge-joggers/p/clp60621071?color=DARKRASPBERRY#intid=pid_pg1pip48g2r7c2,4.64,T371648P,14,15,15,0,,"96% viscose, 4% elastane (exclusive of trimmings)"
Body,Body Soft™ Lace Detail Lounge Joggers,https://www.marksandspencer.com/body-soft-lace-detail-lounge-joggers/p/clp60621071?color=BLACK#intid=pid_pg1pip48g2r8c1,4.64,T371648P,14,15,15,0,,"96% viscose, 4% elastane (exclusive of trimmings)"
Body,Body Soft™ Lace Trim Pyjama Shorts,https://www.marksandspencer.com/body-soft-lace-trim-pyjama-shorts/p/clp60621069?color=DARKRASPBERRY#intid=pid_pg1pip48g2r8c2,5,T373401S,12,10,10,0,,"96% viscose, 4% elastane (exclusive of trimmings)"
Body,Body Soft™ Lace Detail Cami Top,https://www.marksandspencer.com/lace-trim-cami-top/p/clp60621095?color=DARKRASPBERRY#intid=pid_pg1pip48g2r9c1,4.3,T373489T,10,15,15,0,,"96% viscose, 4% elastane (exclusive of trimmings)"
Boutique,Nova Lace Camisole Short Set,https://www.marksandspencer.com/nova-lace-lounge-camisole-short-set/p/clp60586476?color=BLACK#intid=pid_pg1pip48g2r9c2,4.63,T817707C,49,20.8,26,5.2,,"Rose pink top - 84% polyester, 11% elastane and 5% polyamide (exclusive of trimmings), Rose pink bottom - 72% polyester, 18% polyamide and 10% elastane, Black top - 83% polyester, 11% elastane and 6% polyamide, Black bottom - 70% polyester, 19% polyamide and 11% elastane, Gusset (of underwear) - 100% cotton"
Body,Body Soft™ Lace Detail Pyjama Top,https://www.marksandspencer.com/lace-detail-pyjama-top/p/clp60621094?color=BLACK#intid=pid_pg1pip48g2r10c1,4.74,T373488T,19,10,10,0,,"96% viscose, 4% elastane (exclusive of trimmings)"
Body,Body Soft™ Lace Detail Short Dressing Gown,https://www.marksandspencer.com/body-soft-lace-detail-short-dressing-gown/p/clp60620965?color=RASPBERRY#intid=pid_pg1pip48g2r10c2,3.92,T378573W,13,25,25,0,,"96% viscose, 4% elastane (exclusive of trimmings)"
Body,Body Soft™ Lace Detail Pyjama Top,https://www.marksandspencer.com/lace-detail-pyjama-top/p/clp60621094?color=ANTIQUEROSE#intid=pid_pg1pip48g2r11c1,4.74,T373488T,19,10,10,0,,"96% viscose, 4% elastane (exclusive of trimmings)"
Body,Body Soft™ Lace Trim Pyjama Shorts,https://www.marksandspencer.com/body-soft-lace-trim-pyjama-shorts/p/clp60621069?color=BLACK#intid=pid_pg1pip48g2r11c2,5,T373401S,12,10,10,0,,"96% viscose, 4% elastane (exclusive of trimmings)"
Body,Body Soft™ Lace Detail Pyjama Top,https://www.marksandspencer.com/lace-detail-pyjama-top/p/clp60621094?color=GREY#intid=pid_pg1pip48g2r12c1,4.74,T373488T,19,10,10,0,,"96% viscose, 4% elastane (exclusive of trimmings)"
Body,Body Soft™ Lace Trim Pyjama Shorts,https://www.marksandspencer.com/body-soft-lace-trim-pyjama-shorts/p/clp60621069?color=ANTIQUEROSE#intid=pid_pg1pip48g2r12c2,5,T373401S,12,10,10,0,,"96% viscose, 4% elastane (exclusive of trimmings)"
Body,Body Soft™ Lace Trim Chemise,https://www.marksandspencer.com/body-soft-lace-trim-chemise/p/clp60618639?color=GREY#intid=pid_pg1pip48g2r13c1,4.48,T375083C,21,25,25,0,,"96% viscose, 4% elastane (exclusive of trimmings)"
FatFace,Cotton Modal Woodland Animal Pyjama Top,https://www.marksandspencer.com/cotton-modal-woodland-animal-pyjama-top/p/clp22567950#intid=pid_pg1pip48g2r13c2,0,T835678W,,28,28,0,,"60% cotton, 40% modal"
Body,Body Soft™ Lace Detail Nightdress,https://www.marksandspencer.com/lace-detail-short-nightdress/p/clp60616221?color=GREY#intid=pid_pg1pip48g2r14c1,4.53,T373257M,38,15,15,0,,"96% viscose, 4% elastane (exclusive of trimmings)"
Body,Body Soft™ Lace Detail Short Dressing Gown,https://www.marksandspencer.com/body-soft-lace-detail-short-dressing-gown/p/clp60620965?color=BLACK#intid=pid_pg1pip48g2r14c2,3.92,T378573W,13,25,25,0,,"96% viscose, 4% elastane (exclusive of trimmings)"
Body,Body Soft™ Lace Detail Short Dressing Gown,https://www.marksandspencer.com/body-soft-lace-detail-short-dressing-gown/p/clp60620965?color=GREY#intid=pid_pg1pip48g2r15c1,3.92,T378573W,13,25,25,0,,"96% viscose, 4% elastane (exclusive of trimmings)"
Body,Body Soft™ Lace Trim Pyjama Shorts,https://www.marksandspencer.com/body-soft-lace-trim-pyjama-shorts/p/clp60621069?color=GREY#intid=pid_pg1pip48g2r15c2,5,T373401S,12,10,10,0,,"96% viscose, 4% elastane (exclusive of trimmings)"
Body,Body Soft™ Lace Detail Cami Top,https://www.marksandspencer.com/lace-trim-cami-top/p/clp60621095?color=ANTIQUEROSE#intid=pid_pg1pip48g2r16c1,4.3,T373489T,10,15,15,0,,"96% viscose, 4% elastane (exclusive of trimmings)"
Boutique,Nova Lace Camisole Short Set,https://www.marksandspencer.com/nova-lace-lounge-camisole-short-set/p/clp60586476?color=ROSEPINK#intid=pid_pg1pip48g2r16c2,4.63,T817707C,49,20.8,26,5.2,,"Rose pink top - 84% polyester, 11% elastane and 5% polyamide (exclusive of trimmings), Rose pink bottom - 72% polyester, 18% polyamide and 10% elastane, Black top - 83% polyester, 11% elastane and 6% polyamide, Black bottom - 70% polyester, 19% polyamide and 11% elastane, Gusset (of underwear) - 100% cotton"
Body,Body Soft™ Lace Trim Pyjama Bottoms,https://www.marksandspencer.com/body-soft-lace-trim-pyjama-bottoms/p/clp60621073?color=ANTIQUEROSE#intid=pid_pg1pip48g2r17c1,4.69,T371647P,13,15,15,0,,"96% viscose, 4% elastane (exclusive of trimmings)"
Body,Body Soft™ Lace Trim Pyjama Bottoms,https://www.marksandspencer.com/body-soft-lace-trim-pyjama-bottoms/p/clp60621073?color=GREY#intid=pid_pg1pip48g2r17c2,4.69,T371647P,13,15,15,0,,"96% viscose, 4% elastane (exclusive of trimmings)"
FatFace,Cotton Rich Velvet Funnel Neck Pyjama Top,https://www.marksandspencer.com/cotton-rich-velvet-funnel-neck-pyjama-top/p/clp22567951#intid=pid_pg1pip48g2r18c1,5,T835679W,1,36.5,36.5,0,,"75% cotton, 25% polyester"
Autograph,Lexington Lace Cami Set,https://www.marksandspencer.com/lexington-lace-cami-set/p/clp60548367#intid=pid_pg1pip48g2r18c2,4,T815034C,6,35,35,0,,"Top - 77% polyester, 19% polyamide and 4% elastane (exclusive of trimmings), Bottom - 100% polyester, Gusset (of underwear) - 100% cotton"
FatFace,Velvet Pyjama Bottoms,https://www.marksandspencer.com/velvet-pyjama-bottoms/p/clp22567952#intid=pid_pg1pip48g2r19c1,0,T835699W,,34.5,34.5,0,,"75% cotton, 25% polyester"
M&S Collection,Cat Print Short Nightdress,https://www.marksandspencer.com/cool-comfort-cat-print-short-nightdress/p/clp60623143#intid=pid_pg1pip48g2r19c2,3.67,T373268M,12,15,15,0,,"50% modal, 50% cotton (exclsuive of trimmings)"
M&S Collection,Cotton Blend Fairisle Waffle Pyjama Set,https://www.marksandspencer.com/cotton-blend-fair-isle-pyjama-set/p/clp60626111#intid=pid_pg1pip48g2r20c1,0,T371432J,,25,25,0,,"50% cotton, 50% polyester (exclusive of trimmings)"
FatFace,Fleece Longline Hoodie,https://www.marksandspencer.com/fleece-longline-hoodie/p/clp22570214#intid=pid_pg1pip48g2r20c2,0,T835458W,,46.5,46.5,0,,100% polyester
M&S Collection,Cotton Rich Cat Print Short Nightdress,https://www.marksandspencer.com/cotton-rich-cat-print-short-nightdress/p/clp60628343#intid=pid_pg1pip48g2r21c1,0,T373285M,,12,12,0,,"99% cotton, 1% viscose (exclusive of trimmings)"
M&S Collection,Dream Satin™ Heart Print Pyjama Set,https://www.marksandspencer.com/dream-satin-heart-print-pyjama-set/p/clp60624328#intid=pid_pg1pip48g2r21c2,0,T371402J,,30,30,0,,100% polyester (exclusive of trimmings)
M&S Collection,Women's Mono Check Family Christmas Short Nightshirt,https://www.marksandspencer.com/pure-cotton-checked-short-nightshirt/p/clp60632706#intid=pid_pg1pip48g2r22c1,0,T373298M,,20,20,0,,100% cotton (exclusive of trimmings)
M&S Collection,Borg Half Zip Hoodie,https://www.marksandspencer.com/borg-half-zip-hoodie/p/clp60623935#intid=pid_pg1pip48g2r22c2,5,T372481G,4,28,28,0,,"100% polyester (exclusive of trimmings), Pocketing (pocket fabric composition) - 100% polyester"
M&S Collection,Dream Satin™ Star Print Pyjama Set,https://www.marksandspencer.com/dream-satin-star-print-pyjama-set/p/clp60624329#intid=pid_pg1pip48g2r23c1,0,T371401J,,30,30,0,,100% polyester (exclusive of trimmings)
Body,Star Print Short Nightdress,https://www.marksandspencer.com/cool-comfort-star-print-short-nightdress/p/clp60617854#intid=pid_pg1pip48g2r23c2,5,T373265M,5,15,15,0,,"50% cotton, 50% modal (exclusive of trimmings)"
M&S Collection,Women's Checked Family Christmas Pyjama Set,https://www.marksandspencer.com/cotton-rich-fa-la-la-slogan-pyjama-set/p/clp60624268#intid=pid_pg1pip48g2r24c1,0,T371400J,,22,22,0,,"Top - 98% cotton, 2% viscose (exclusive of trimmings), Bottom - 100% cotton (exclusive of trimmings)"
Body,Checked Short Nightshirt,https://www.marksandspencer.com/cool-comfort-checked-short-nightshirt/p/clp60617857#intid=pid_pg1pip48g2r24c2,3.67,T373264M,3,20,20,0,,100% cotton (exclusive of trimmings)
M&S Collection,Fleece Star Print Pyjama Set,https://www.marksandspencer.com/fleece-star-print-pyjama-set/p/clp60617992#intid=pid_pg2pip48g2r1c1,5,T374544F,3,18,18,0,,100% polyester (exclusive of trimmings)
M&S Collection,Fleece Heart Print Pyjama Set,https://www.marksandspencer.com/fleece-heart-print-pyjama-set/p/clp60617994#intid=pid_pg2pip48g2r1c2,0,T374543F,,18,18,0,,100% polyester (exclusive of trimmings)
M&S Collection,Pure Cotton Polka Dot Pyjama Set,https://www.marksandspencer.com/pure-cotton-polka-dot-pyjama-set/p/clp60617926#intid=pid_pg2pip48g2r2c1,0,T374551F,,15,15,0,,100% cotton (exclusive of trimmings)
M&S Collection,Pure Cotton Tiger Print Pyjama Set,https://www.marksandspencer.com/pure-cotton-tiger-print-pyjama-set/p/clp60620409#intid=pid_pg2pip48g2r2c2,0,T374561F,,15,15,0,,100% cotton (exclusive of trimmings)
M&S Collection,Cotton Blend Waffle Fair Isle Nightdress,https://www.marksandspencer.com/cotton-blend-waffle-fair-isle-nightdress/p/clp60622198#intid=pid_pg2pip48g2r3c1,0,T373274M,,20,20,0,,"50% cotton, 50% polyester (exclusive of  trimmings)"
M&S Collection,Fleece Checked Pyjama Set,https://www.marksandspencer.com/fleece-checked-pyjama-set/p/clp60618006#intid=pid_pg2pip48g2r3c2,5,T374546F,1,18,18,0,,100% polyester (exclusive of trimmings)
M&S Collection,Fleece Checked Pyjama Set,https://www.marksandspencer.com/fleece-checked-pyjama-set/p/clp60617997#intid=pid_pg2pip48g2r4c1,5,T374545F,2,18,18,0,,100% polyester (exclusive of trimmings)
M&S Collection,Pure Cotton Skeleton Pyjama Set,https://www.marksandspencer.com/pure-cotton-skeleton-pyjama-set/p/clp60617620#intid=pid_pg2pip48g2r4c2,0,T371351J,,25,25,0,,100% cotton (exclusive of trimmings)
FatFace,Pure Cotton Checked Cropped Pyjama Bottoms,https://www.marksandspencer.com/pure-cotton-checked-cropped-pyjama-bottoms/p/clp22567949#intid=pid_pg2pip48g2r5c1,0,T835677W,,34.5,34.5,0,,100% cotton
M&S Collection,Pure Cotton Sausage Dog Print Nightshirt,https://www.marksandspencer.com/pure-cotton-sausage-dog-print-nightshirt/p/clp60640609#intid=pid_pg2pip48g2r5c2,0,T373312M,,20,20,0,,100% cotton (exclusive of trimmings)
M&S Collection,Women's Mono Check Family Christmas Pyjama Set,https://www.marksandspencer.com/pure-cotton-checked-pyjama-set/p/clp60632577#intid=pid_pg2pip48g2r6c1,0,T371443J,,30,30,0,,100% cotton (exclusive of trimmings)
M&S Collection,Pure Cotton Checked Pyjama Set,https://www.marksandspencer.com/pure-cotton-checked-pyjama-set/p/clp60624215#intid=pid_pg2pip48g2r6c2,0,T371395J,,30,30,0,,100% cotton (exclusive of trimmings)
M&S Collection,Fleece Ribbed Short Dressing Gown,https://www.marksandspencer.com/fleece-ribbed-short-dressing-gown/p/clp60608402#intid=pid_pg2pip48g2r7c1,5,T372456G,2,18,18,0,,100% polyester (exclusive of trimmings)
Rosie,Fleece Hooded Long Dressing Gown,https://www.marksandspencer.com/fleece-hooded-long-dressing-gown/p/clp60568612?color=OPALINE#intid=pid_pg2pip48g2r7c2,4.53,T372432G,99,45,45,0,,100% polyester (exclusive of trimmings)
M&S Collection,Pure Cotton Checked Pyjama Set,https://www.marksandspencer.com/pure-cotton-checked-pyjama-set/p/clp60618061#intid=pid_pg2pip48g2r8c1,4.09,T374556F,11,15,15,0,,100% cotton (exclusive of trimmings)
M&S Collection,Brushed Back Borg Hoodie,https://www.marksandspencer.com/brushed-back-borg-hoodie/p/clp60619855#intid=pid_pg2pip48g2r8c2,0,T372470G,,28,28,0,,"100% polyester (exclusive of trimmings), Pocketing (pocket fabric composition) - 100% polyester"
M&S Collection,Pure Cotton Disco Santa Pyjama Set,https://www.marksandspencer.com/pure-cotton-disco-santa-pyjama-set/p/clp60624267#intid=pid_pg2pip48g2r9c1,0,T371399J,,22,22,0,,"100% cotton (exclusive of trimmings), Ribbing - 98% cotton, 2% elastane"
M&S Collection,Fleece Animal Print Short Dressing Gown,https://www.marksandspencer.com/fleece-animal-print-short-dressing-gown/p/clp60613199#intid=pid_pg2pip48g2r9c2,5,T372455G,2,18,18,0,,100% polyester (exclusive of trimmings)
Cyberjammies,Cotton Modal Woodland Print Pyjama Set,https://www.marksandspencer.com/cotton-modal-woodland-print-pyjama-set/p/clp23000575#intid=pid_pg2pip48g2r10c1,0,T838499,,52,52,0,,"60% cotton, 40% modal"
M&S Collection,Fleece Heart Print Lounge Hoodie,https://www.marksandspencer.com/fleece-heart-print-lounge-hoodie/p/clp60613200#intid=pid_pg2pip48g2r10c2,5,T372464G,1,22,22,0,,100% polyester (exclusive of trimmings)
M&S Collection,Fleece Star Print Pyjama Set,https://www.marksandspencer.com/fleece-star-print-pyjama-set/p/clp60618004#intid=pid_pg2pip48g2r11c1,0,T374547F,,18,18,0,,100% polyester (exclusive of trimmings)
M&S Collection,Fleece Star Print Pyjama Set,https://www.marksandspencer.com/fleece-star-print-pyjama-set/p/clp60617995#intid=pid_pg2pip48g2r11c2,5,T374542F,1,18,18,0,,100% polyester (exclusive of trimmings)
Seasalt Cornwall,Fleece Floral Long Dressing Gown,https://www.marksandspencer.com/fleece-floral-long-dressing-gown/p/clp23001207#intid=pid_pg2pip48g2r12c1,0,T838772,,59.95,59.95,0,,100% recycled polyester
Cyberjammies,Pure Cotton Checked Pyjama Bottoms,https://www.marksandspencer.com/pure-cotton-checked-pyjama-bottoms/p/clp23001087#intid=pid_pg2pip48g2r12c2,0,T838519,,26,26,0,,100% cotton
Cyberjammies,Pure Cotton Checked Long Dressing Gown,https://www.marksandspencer.com/pure-cotton-checked-long-dressing-gown/p/clp23001072#intid=pid_pg2pip48g2r13c1,0,T838507,,49,49,0,,100% cotton
Cyberjammies,Pure Cotton Checked Pyjama Bottoms,https://www.marksandspencer.com/pure-cotton-checked-pyjama-bottoms/p/clp23001069#intid=pid_pg2pip48g2r13c2,0,T838510,,26,26,0,,100% cotton
M&S Collection,Cotton Rich Polka Dot Cropped Pyjama Set,https://www.marksandspencer.com/cotton-rich-polka-dot-cropped-pyjama-set/p/clp60620404#intid=pid_pg2pip48g2r14c1,4.77,T374566F,35,15,15,0,,"90% cotton, 10% viscose (exclusive of trimmings)"
M&S Collection,Pure Cotton Snoopy™ Shortie Set,https://www.marksandspencer.com/pure-cotton-snoopy-shortie-set/p/clp60577193#intid=pid_pg2pip48g2r14c2,4.55,T371289J,11,18,18,0,,100% cotton (exclusive of trimmings)
M&S Collection,Cotton Rich Floral Pyjama Set,https://www.marksandspencer.com/cotton-rich-floral-pyjama-set/p/clp60617614#intid=pid_pg2pip48g2r15c1,4.59,T371348J,22,22,22,0,,"Top - 92% cotton, 8% elastane (exclusive of trimmings), Bottom - 100% cotton"
M&S Collection,Dream Satin™ Star Print Pyjama Set,https://www.marksandspencer.com/dream-satin-star-print-pyjama-set/p/clp60624331#intid=pid_pg2pip48g2r15c2,5,T371403J,1,28,28,0,,100% polyester
M&S Collection,Pure Cotton Broderie Trim Long Nightdress,https://www.marksandspencer.com/broderie-trim-long-nightdress/p/clp60517240#intid=pid_pg2pip48g2r16c1,4.45,T376134N,532,18,18,0,,100% cotton (exclusive of trimmings)
M&S Collection,Cotton Rich Checked Pyjama Set,https://www.marksandspencer.com/cotton-rich-checked-pyjama-set/p/clp60619024#intid=pid_pg2pip48g2r16c2,4.71,T371362J,7,22,22,0,,"Top - 92% cotton, 8% elastane (exclusive of trimmings), Bottom - 100% cotton"
M&S Collection,Pure Cotton Floral Pyjama Set,https://www.marksandspencer.com/pure-cotton-floral-pyjama-set/p/clp60571907#intid=pid_pg2pip48g2r17c1,4.81,T374508F,32,15,15,0,,100% cotton (exclusive of trimmings)
M&S Collection,Pure Cotton Floral Pyjama Set,https://www.marksandspencer.com/pure-cotton-floral-pyjama-set/p/clp60620410#intid=pid_pg2pip48g2r17c2,4.91,T374560F,23,15,15,0,,100% cotton (exclusive of trimmings)
M&S Collection,Pure Cotton Checked Pyjama Set,https://www.marksandspencer.com/pure-cotton-checked-pyjama-set/p/clp60618024#intid=pid_pg2pip48g2r18c1,4.63,T374554F,27,15,15,0,,100% cotton (exclusive of trimmings)
Seasalt Cornwall,Fleece Floral Long Dressing Gown,https://www.marksandspencer.com/fleece-floral-long-dressing-gown/p/clp23001244#intid=pid_pg2pip48g2r18c2,0,T838776,,59.95,59.95,0,,100% recycled polyester
M&S Collection,Pure Cotton Star Print Pyjama Set,https://www.marksandspencer.com/pure-cotton-star-print-pyjama-set/p/clp60620401#intid=pid_pg2pip48g2r19c1,4.6,T374567F,20,15,15,0,,100% cotton (exclusive of trimmings)
Seasalt Cornwall,Fleece Floral Long Dressing Gown,https://www.marksandspencer.com/fleece-floral-long-dressing-gown/p/clp23001215#intid=pid_pg2pip48g2r19c2,0,T838771,,59.95,59.95,0,,100% recycled polyester
Cyberjammies,Modal Rich Cuffed Hem Pyjama Bottoms,https://www.marksandspencer.com/modal-rich-cuffed-hem-pyjama-bottoms/p/clp23000573#intid=pid_pg2pip48g2r20c1,0,T838497,,26,26,0,,"95% modal, 5% elastane"
Cyberjammies,Pure Cotton Checked Short Nightshirt,https://www.marksandspencer.com/pure-cotton-checked-short-nightshirt/p/clp23001068#intid=pid_pg2pip48g2r20c2,0,T838508,,32,32,0,,100% cotton
M&S Collection,Cosy Lounge Waffle Joggers,https://www.marksandspencer.com/cosy-lounge-waffle-joggers/p/clp60617304#intid=pid_pg2pip48g2r21c1,5,T371640P,3,18,18,0,,"52% viscose, 47% polyester and 1% elastane (exclusive of trimmings)"
M&S Collection,Waffle Wide Leg Pyjama Bottoms,https://www.marksandspencer.com/waffle-wide-leg-pyjama-bottoms/p/clp60617296#intid=pid_pg2pip48g2r21c2,4.67,T371639P,3,18,18,0,,"52% viscose, 47% polyester and 1% elastane (exclusive of trimmings)"
Body,Cotton Modal Star Print Pyjama Set,https://www.marksandspencer.com/cotton-modal-star-print-pyjama-set/p/clp60617638#intid=pid_pg2pip48g2r22c1,3.67,T371360J,15,18,18,0,,"50% cotton, 50% modal (exclusive of trimmings)"
M&S Collection,Fleece Star Print Lounge Hoodie,https://www.marksandspencer.com/fleece-star-print-lounge-hoodie/p/clp60613201#intid=pid_pg2pip48g2r22c2,5,T372465G,1,22,22,0,,100% polyester (exclusive of trimmings)
Body,2pk Pyjama Bottoms,https://www.marksandspencer.com/2pk-cool-comfort-pyjama-bottoms/p/clp60617322#intid=pid_pg2pip48g2r23c1,3.77,T371645P,13,25,25,0,,100% cotton (exclusive of trimmings)
M&S Collection,Star Chemise,https://www.marksandspencer.com/cool-comfort-star-print-short-chemise/p/clp60623729#intid=pid_pg2pip48g2r23c2,4.5,T375094C,46,10,10,0,,"50% cotton, 50% modal (exclusive of trimmings)"
M&S Collection,Snoopy™ Nightdress,https://www.marksandspencer.com/cotton-modal-snoopy-short-nightdress/p/clp60619968#intid=pid_pg2pip48g2r24c1,4.14,T373269M,7,16,16,0,,"50% cotton, 50% modal (exclusive of trimmings)"
Body,2pk Pyjama Bottoms,https://www.marksandspencer.com/2pk-cool-comfort-pyjama-bottoms/p/clp60617323#intid=pid_pg2pip48g2r24c2,4.73,T371642P,22,25,25,0,,100% cotton (exclusive of trimmings)
Cyberjammies,Modal Rich Pyjama Top,https://www.marksandspencer.com/modal-rich-pyjama-top/p/clp23001076#intid=pid_pg3pip48g2r1c1,0,T838533,,22,22,0,,"95% modal, 5% elastane"
M&S Collection,Cotton Rich Fox Print Cuffed Hem Pyjama Set,https://www.marksandspencer.com/cotton-rich-fox-print-cuffed-hem-pyjama-set/p/clp60617589#intid=pid_pg3pip48g2r1c2,4.43,T371352J,7,18,18,0,,"Top - 100% cotton (exclusive of trimmings), Bottom - 98% cotton, 2% viscose"
M&S Collection,Dream Satin™ Revere Pyjama Top,https://www.marksandspencer.com/dream-satin-revere-pyjama-top/p/clp60622178#intid=pid_pg3pip48g2r2c1,0,T373415X,,15,15,0,,100% polyester (exclusive of trimmings)
M&S Collection,Cotton Rich Heart Print Pyjama Set,https://www.marksandspencer.com/cotton-rich-heart-print-pyjama-set/p/clp60620649#intid=pid_pg3pip48g2r2c2,4.61,T374562F,18,15,15,0,,"60% cotton, 40% polyester (exclusive of trimmings)"
M&S Collection,Dream Satin™ Printed Cami Top,https://www.marksandspencer.com/dream-satin-printed-cami-top/p/clp60622103#intid=pid_pg3pip48g2r3c1,0,T373416X,,12,12,0,,100% polyester (exclusive of trimmings)
Cyberjammies,Pure Cotton Checked Pyjama Top,https://www.marksandspencer.com/pure-cotton-checked-pyjama-top/p/clp23001074#intid=pid_pg3pip48g2r3c2,0,T838530,,26,26,0,,100% cotton
M&S Collection,Cotton Modal Long Nightdress,https://www.marksandspencer.com/cool-comfort-printed-long-nightdress/p/clp60563599#intid=pid_pg3pip48g2r4c1,4.65,T376202N,417,18,18,0,,"50% cotton, 50% modal (exclusive of trimmings)"
M&S Collection,Pure Cotton Striped Heart Print Pyjama Set,https://www.marksandspencer.com/pure-cotton-striped-heart-print-pyjama-set/p/clp60577181#intid=pid_pg3pip48g2r4c2,4.68,T374517F,93,15,15,0,,100% cotton (exclusive of trimmings)
M&S Collection,Pure Cotton Winter Animals Pyjama Set,https://www.marksandspencer.com/pure-cotton-winter-animals-pyjama-set/p/clp60622263#intid=pid_pg3pip48g2r5c1,4.5,T374568F,6,15,15,0,,100% cotton (exclusive of trimmings)
M&S Collection,Pure Cotton Broderie Trim Long Nightdress,https://www.marksandspencer.com/broderie-trim-long-nightdress/p/clp60517248#intid=pid_pg3pip48g2r5c2,4.44,T376133N,530,18,18,0,,100% cotton (exclusive of trimmings)
M&S Collection,Fleece Hooded Dressing Gown,https://www.marksandspencer.com/hooded-long-dressing-gown/p/clp60458400#intid=pid_pg3pip48g2r6c1,4.48,T372314G,648,30,30,0,,100% polyester (exclusive of trimmings)
Body,Pure Cotton Revere Collar Pyjama Set,https://www.marksandspencer.com/muslin-long-sleeve-revere-pyjama-set/p/clp60511306#intid=pid_pg3pip48g2r6c2,4.51,T371137J,463,35,35,0,,100% cotton (exclusive of trimmings)
Cyberjammies,Cotton Modal Palm Leaf Long Dressing Gown,https://www.marksandspencer.com/cotton-modal-palm-leaf-long-dressing-gown/p/clp23000869#intid=pid_pg3pip48g2r7c1,0,T838712,,49,49,0,,"60% cotton, 40% modal"
M&S Collection,Pure Cotton Star Print Pyjama Set,https://www.marksandspencer.com/pure-cotton-star-print-pyjama-set/p/clp60553911#intid=pid_pg3pip48g2r7c2,4.46,T374486F,160,15,15,0,,100% cotton (exclusive of trimmings)
M&S Collection,Fleece Hooded Long Dressing Gown,https://www.marksandspencer.com/fleece-hooded-long-dressing-gown/p/clp60553958?color=NUTMEG#intid=pid_pg3pip48g2r8c1,4.46,T372395G,278,30,30,0,,100% polyester (exclusive of trimmings)
M&S Collection,Pure Cotton Broderie Long Dressing Gown,https://www.marksandspencer.com/pure-cotton-broderie-long-dressing-gown/p/clp60587529#intid=pid_pg3pip48g2r8c2,4.43,T378569W,108,22,22,0,,100% cotton (exclusive of trimmings)
M&S Collection,Pure Cotton Animal Print Pyjama Set,https://www.marksandspencer.com/pure-cotton-animal-print-pyjama-set/p/clp60620405#intid=pid_pg3pip48g2r9c1,4.5,T374559F,22,15,15,0,,100% cotton (exclusive of trimmings)
Cyberjammies,Cotton Modal Ski Print Pyjama Bottoms,https://www.marksandspencer.com/cotton-modal-ski-print-pyjama-bottoms/p/clp23001081#intid=pid_pg3pip48g2r9c2,0,T838514,,26,26,0,,"60% cotton, 40% modal"
M&S Collection,Cotton Rich Checked Pyjama Set,https://www.marksandspencer.com/cotton-rich-checked-pyjama-set/p/clp60577180#intid=pid_pg3pip48g2r10c1,4.35,T374513F,55,15,15,0,,"90% cotton, 10% viscose (exclusive of trimmings)"
Body,Pure Cotton Towelling Dressing Gown,https://www.marksandspencer.com/pure-cotton-towelling-dressing-gown/p/clp60577211#intid=pid_pg3pip48g2r10c2,4.21,T372441G,104,36,36,0,,"100% cotton (exclusive of trimmings), With belt"
M&S Collection,Chemise,https://www.marksandspencer.com/cool-comfort-short-chemise/p/clp60623370#intid=pid_pg3pip48g2r11c1,4.47,T375093C,34,10,10,0,,"50% cotton, 50% modal (exclusive of trimmings)"
M&S Collection,Pure Cotton Floral Shortie Pyjama Set,https://www.marksandspencer.com/pure-cotton-floral-shortie-pyjama-set/p/clp60587921#intid=pid_pg3pip48g2r11c2,4.45,T374526F,40,12,12,0,,100% cotton (exclusive of trimmings)
M&S Collection,Waffle Pyjama Top,https://www.marksandspencer.com/waffle-pyjama-top/p/clp60617563#intid=pid_pg3pip48g2r12c1,5,T373484T,5,16,16,0,,"52% viscose, 47% polyester and 1% elastane (exclusive of trimmings)"
M&S Collection,2pk Pure Cotton Printed Short Nightdresses,https://www.marksandspencer.com/2pk-pure-cotton-printed-short-nightdresses/p/clp60571869#intid=pid_pg3pip48g2r12c2,4.6,T373224M,20,22,22,0,,100% cotton (exclusive of trimmings)
Body,Pure Cotton Jersey Waffle Dressing Gown,https://www.marksandspencer.com/pure-cotton-jersey-waffle-dressing-gown/p/clp60553983#intid=pid_pg3pip48g2r13c1,4.38,T372397G,76,25,25,0,,100% cotton (exclusive of trimmings)
M&S Collection,Pure Cotton Checked Pyjama Set,https://www.marksandspencer.com/pure-cotton-checked-pyjama-set/p/clp60618059#intid=pid_pg3pip48g2r13c2,5,T374557F,3,15,15,0,,100% cotton (exclusive of trimmings)
Cyberjammies,Cotton Modal Ski Print Pyjama Top,https://www.marksandspencer.com/cotton-modal-ski-print-pyjama-top/p/clp23001070#intid=pid_pg3pip48g2r14c1,0,T838511,,26,26,0,,"60% cotton, 40% modal"
M&S Collection,Pure Cotton Floral Pyjama Set,https://www.marksandspencer.com/pure-cotton-floral-pyjama-set/p/clp60617618#intid=pid_pg3pip48g2r14c2,4.57,T371350J,7,30,30,0,,100% cotton (exclusive of trimmings)
M&S Collection,Fleece Animal Print Long Dressing Gown,https://www.marksandspencer.com/fleece-animal-print-long-dressing-gown/p/clp60608746#intid=pid_pg3pip48g2r15c1,5,T372462G,17,30,30,0,,100% polyester (exclusive of trimmings)
M&S Collection,Cotton Modal Short Nightdress,https://www.marksandspencer.com/cool-comfort-printed-short-nightdress/p/clp60563591#intid=pid_pg3pip48g2r15c2,4.55,T373216M,161,15,15,0,,"50% cotton, 50% modal (exclusive of trimmings)"
M&S Collection,Waffle Pyjama Top,https://www.marksandspencer.com/waffle-pyjama-top/p/clp60617564#intid=pid_pg3pip48g2r16c1,5,T373483T,1,14,14,0,,"52% viscose, 47% polyester and 1% elastane (exclusive of trimmings)"
M&S Collection,2pk Pure Cotton Printed Long Nightdresses,https://www.marksandspencer.com/2pk-pure-cotton-printed-long-nightdresses/p/clp60587398#intid=pid_pg3pip48g2r16c2,4.44,T376171N,86,26,26,0,,100% cotton (exclusive of trimmings)
M&S Collection,Cotton Rich Cat Print Pyjama Set,https://www.marksandspencer.com/cotton-rich-cat-print-pyjama-set/p/clp60577199#intid=pid_pg3pip48g2r17c1,4.53,T371287J,15,18,18,0,,"60% cotton, 40% polyester (exclusive of trimmings)"
M&S Collection,Cosy Lounge Waffle Joggers,https://www.marksandspencer.com/cosy-lounge-waffle-joggers/p/clp60617303#intid=pid_pg3pip48g2r17c2,3.75,T371641P,4,18,18,0,,"52% viscose, 47% polyester and 1% elastane (exclusive of trimmings)"
Cyberjammies,Pure Cotton Checked Pyjama Top,https://www.marksandspencer.com/pure-cotton-checked-pyjama-top/p/clp23000572#intid=pid_pg3pip48g2r18c1,0,T838496,,26,26,0,,100% cotton
M&S Collection,Waffle Pyjama Shorts,https://www.marksandspencer.com/waffle-pyjama-shorts/p/clp60617307#intid=pid_pg3pip48g2r18c2,5,T373400S,1,14,14,0,,"52% viscose, 47% polyester and 1% elastane (exclusive of trimmings)"
M&S Collection,Waffle Pyjama Top,https://www.marksandspencer.com/waffle-pyjama-top/p/clp60617701#intid=pid_pg3pip48g2r19c1,5,T373486T,2,16,16,0,,"52% viscose, 47% polyester and 1% elastane (exclusive of trimmings)"
M&S Collection,Pure Cotton Good Night Slogan Pyjama Set,https://www.marksandspencer.com/pure-cotton-good-night-slogan-pyjama-set/p/clp60620403#intid=pid_pg3pip48g2r19c2,4.8,T374563F,5,15,15,0,,100% cotton (exclusive of trimmings)
M&S Collection,Printed Nightdress,https://www.marksandspencer.com/cool-comfort-printed-short-nightdress/p/clp60623895#intid=pid_pg3pip48g2r20c1,4.22,T373262M,9,15,15,0,,"50% cotton, 50% modal (exclusive of trimmings)"
M&S Collection,Animal Print Pyjama Bottoms,https://www.marksandspencer.com/cotton-modal-animal-print-pyjama-bottoms/p/clp60628856#intid=pid_pg3pip48g2r20c2,4.43,T371665P,14,14,14,0,,"50% cotton, 50% modal (exclusive of trimmings)"
M&S Collection,Cotton Rich Sparkle Slogan Pyjama Set,https://www.marksandspencer.com/cotton-rich-sparkle-slogan-pyjama-set/p/clp60620408#intid=pid_pg3pip48g2r21c1,5,T374565F,2,15,15,0,,"Top - 100% cotton (exclusive of trimmings), Bottom - 60% cotton, 40% polyester"
Body,Pure Cotton Star Print Pyjama Set,https://www.marksandspencer.com/pure-cotton-star-print-pyjama-set/p/clp60617631#intid=pid_pg3pip48g2r21c2,4,T371357J,3,30,30,0,,100% cotton (exclusive of trimmings)
Cyberjammies,Modal Rich Round Neck Pyjama Top,https://www.marksandspencer.com/modal-rich-round-neck-pyjama-top/p/clp23000571#intid=pid_pg3pip48g2r22c1,0,T838495,,22,22,0,,"95% modal, 5% elastane"
Cyberjammies,Cotton Modal Woodland Print Pyjama Bottoms,https://www.marksandspencer.com/cotton-modal-woodland-print-pyjama-bottoms/p/clp23000574#intid=pid_pg3pip48g2r22c2,0,T838498,,26,26,0,,"60% cotton, 40% modal"
M&S Collection,Pure Cotton Leopard Shortie Set,https://www.marksandspencer.com/pure-cotton-leopard-shortie-set/p/clp60587919#intid=pid_pg3pip48g2r23c1,4.49,T374524F,67,12,12,0,,100% cotton (exclusive of trimmings)
M&S Collection,Dream Satin™ Giraffe Print Long Chemise,https://www.marksandspencer.com/satin-giraffe-print-long-chemise/p/clp60617862#intid=pid_pg3pip48g2r23c2,4.4,T375084C,10,25,25,0,,100% polyester (exclusive of trimmings)
Body,Pure Cotton Muslin Revere Nightshirt,https://www.marksandspencer.com/pure-cotton-muslin-rever-nightshirt/p/clp60530818#intid=pid_pg3pip48g2r24c1,4.29,T373173M,164,22,22,0,,100% cotton (exclusive of trimmings)
M&S Collection,Star Print Short Wrap,https://www.marksandspencer.com/cool-comfort-star-print-short-wrap/p/clp60623356#intid=pid_pg3pip48g2r24c2,4.82,T378583W,11,25,25,0,,"50% cotton, 50% modal (exclusive of trimmings)"
Cyberjammies,Cotton Modal Pumpkin Print Pyjama Set,https://www.marksandspencer.com/cotton-modal-pumpkin-print-pyjama-set/p/clp23001080#intid=pid_pg4pip48g2r1c1,0,T838517,,52,52,0,,"60% cotton, 40% modal"
M&S Collection,Striped Shortie Set,https://www.marksandspencer.com/cool-comfort-striped-shortie-set/p/clp60623068#intid=pid_pg4pip48g2r1c2,4.8,T371391J,5,25,25,0,,"50% cotton, 50% modal (exclusive of trimmings)"
M&S Collection,Cotton Rich Relax Slogan Pyjama Set,https://www.marksandspencer.com/cotton-rich-relax-slogan-pyjama-set/p/clp60618002#intid=pid_pg4pip48g2r2c1,5,T374550F,6,15,15,0,,"Top - 100% cotton (exclusive of trimmings), Bottom - 60% cotton, 40% polyester"
M&S Collection,Dream Satin™ Giraffe Print Shortie Set,https://www.marksandspencer.com/satin-giraffe-print-shortie-set/p/clp60617474#intid=pid_pg4pip48g2r2c2,3.31,T371355J,16,25,25,0,,100% polyester (exclusive of trimmings)
M&S Collection,Animal Print Nightdress,https://www.marksandspencer.com/cool-comfort-animal-print-short-nightdress/p/clp60623148#intid=pid_pg4pip48g2r3c1,4.5,T373283M,4,15,15,0,,"50% cotton, 50% modal (exclusive of trimmings)"
M&S Collection,Dream Satin™ Heart Chemise,https://www.marksandspencer.com/dream-satin-printed-short-chemise/p/clp60624308#intid=pid_pg4pip48g2r3c2,5,T375095C,1,25,25,0,,100% polyester (exclusive of trimmings)
Body,Pure Cotton Short Nightshirt,https://www.marksandspencer.com/pure-cotton-cool-comfort-short-nightshirt/p/clp60617851#intid=pid_pg4pip48g2r4c1,4.33,T373263M,3,20,20,0,,100% cotton (exclusive of trimmings)
M&S Collection,Dream Satin™ Giraffe Print Pyjama Set,https://www.marksandspencer.com/satin-giraffe-print-pyjama-set/p/clp60619032#intid=pid_pg4pip48g2r4c2,5,T371367J,2,40,40,0,,100% polyester (exclusive of trimmings)
M&S Collection,Slogan Pyjama Top,https://www.marksandspencer.com/cool-comfort-slogan-pyjama-top/p/clp60623099#intid=pid_pg4pip48g2r5c1,4,T373507T,1,12,12,0,,"50% cotton, 50% modal (exclusive of trimmings)"
M&S Collection,Pure Cotton Snoopy™ Polka Dot Pyjama Set,https://www.marksandspencer.com/pure-cotton-snoopy-polka-dot-pyjama-set/p/clp60577076#intid=pid_pg4pip48g2r5c2,4.85,T371282J,13,32,32,0,,100% cotton (exclusive of trimmings)
M&S Collection,Short Dressing Gown,https://www.marksandspencer.com/cool-comfort-short-dressing-gown/p/clp60623354#intid=pid_pg4pip48g2r6c1,5,T378584W,4,25,25,0,,"50% cotton, 50% modal (exclusive of trimmings)"
Rosie,Laylani Silk & Lace Floral Cami,https://www.marksandspencer.com/laylani-silk-and-lace-floral-cami/p/clp60571002#intid=pid_pg4pip48g2r6c2,4.69,T816459C,13,40,40,0,,"66% silk, 30% polyamide and 4% elastane"
Body,Pure Cotton Checked Pyjama Set,https://www.marksandspencer.com/pure-cotton-checked-pyjama-set/p/clp60617650#intid=pid_pg4pip48g2r7c1,4,T371364J,5,30,30,0,,100% cotton (exclusive of trimmings)
M&S X GHOST,Floral Print Chemise,https://www.marksandspencer.com/floral-chemise/p/clp60588038#intid=pid_pg4pip48g2r7c2,4.26,T376602Z,19,35,35,0,,100% viscose (exclusive of trimmings)
Rosie,Satin Chemise,https://www.marksandspencer.com/satin-bridal-chemise/p/clp60583620#intid=pid_pg4pip48g2r8c1,3.67,T376622Q,12,32,32,0,,100% polyester (exclusive of trimmings)
M&S Collection,Cotton Modal Revere Pyjama,https://www.marksandspencer.com/cotton-modal-printed-pyjama-set/p/clp60563590#intid=pid_pg4pip48g2r8c2,4.61,T371239J,64,30,30,0,,"50% cotton, 50% modal (exclusive of trimmings), Contains non-textile parts of animal origin"
M&S Collection,Cotton Rich Cat Shortie Set,https://www.marksandspencer.com/cotton-rich-cat-shortie-set/p/clp60577195#intid=pid_pg4pip48g2r9c1,3.38,T371290J,8,16,16,0,,"Top - cotton (exclusive of trimmings), Bottom - 60% cotton, 40% polyester"
M&S X GHOST,Floral Print Long Kimono Robe,https://www.marksandspencer.com/floral-print-long-kimono-wrap/p/clp60607293#intid=pid_pg4pip48g2r9c2,3.92,T375704Z,24,40,40,0,,100% viscose (exclusive of trimmings)
M&S Collection,Pure Cotton Checked Shortie Set,https://www.marksandspencer.com/pure-cotton-checked-shortie-set/p/clp60617623#intid=pid_pg4pip48g2r10c1,5,T371349J,2,25,25,0,,100% cotton (exclusive of trimmings)
M&S Collection,Pure Cotton Palm Tree Shortie Set,https://www.marksandspencer.com/pure-cotton-palm-tree-shortie-set/p/clp60587923#intid=pid_pg4pip48g2r10c2,4.25,T374527F,24,12,12,0,,100% cotton (exclusive of trimmings)
M&S Collection,Cotton Rich Dreamer Slogan Pyjama Set,https://www.marksandspencer.com/cotton-rich-dreamer-slogan-pyjama-set/p/clp60617643#intid=pid_pg4pip48g2r11c1,3.5,T371361J,2,18,18,0,,"Top - 99% cotton, 1% viscose (exclusive of trimmings), Bottom - 100% cotton"
M&S Collection,Cotton Rich Leaf Shortie Set,https://www.marksandspencer.com/cotton-rich-leaf-shortie-set/p/clp60590521#intid=pid_pg4pip48g2r11c2,4.14,T374534F,14,12,12,0,,"Top - 95% cotton, 5% viscose (exclusive of trimmings), Bottom - 100% cotton"
M&S Collection,Dreamer Slogan Nightdress,https://www.marksandspencer.com/cool-comfort-dreamer-slogan-nightdress/p/clp60620710#intid=pid_pg4pip48g2r12c1,4.43,T373280M,7,15,15,0,,"50% cotton, 50% modal (exclusive of trimmings)"
M&S Collection,Animal Print Pyjama Bottoms,https://www.marksandspencer.com/cotton-modal-animal-print-pyjama-bottoms/p/clp60628871#intid=pid_pg4pip48g2r12c2,4.75,T371666P,8,14,14,0,,"50% cotton, 50% modal (exclusive of trimmings)"
Body,Ribbed Pyjama Top,https://www.marksandspencer.com/cool-comfort-ribbed-pyjama-top/p/clp60617703#intid=pid_pg4pip48g2r13c1,3.25,T373487T,4,10,10,0,,"52% cotton, 48% modal (exclusive of trimmings)"
Body,Ribbed Pyjama Top,https://www.marksandspencer.com/cool-comfort-ribbed-pyjama-top/p/clp60617702#intid=pid_pg4pip48g2r13c2,4,T373485T,1,10,10,0,,"52% cotton, 48% modal (exclusive of trimmings)"
M&S Collection,Pure Cotton Broderie Trim Long Nightdress,https://www.marksandspencer.com/pure-cotton-broderie-trim-long-nightdress/p/clp60619970#intid=pid_pg4pip48g2r14c1,5,T376177N,3,18,18,0,,100% cotton (exclusive of trimmings)
Percy Pig™,Personalised Women's Percy Pig™ Pyjamas,https://www.marksandspencer.com/personalised-women-s-percy-pig-pyjamas/p/clp60592038#intid=pid_pg4pip48g2r14c2,4.46,T049693P,140,35,35,0,,100% cotton (exclusive of trimmings)
M&S Collection,Pure Cotton Broderie Trim Long Nightdress,https://www.marksandspencer.com/pure-cotton-broderie-trim-long-nightdress/p/clp60619969#intid=pid_pg4pip48g2r15c1,5,T376178N,4,18,18,0,,100% cotton (exclusive of trimmings)
M&S Collection,Stripe Chemise,https://www.marksandspencer.com/cool-comfort-striped-short-chemise/p/clp60623145#intid=pid_pg4pip48g2r15c2,4,T375091C,15,15,15,0,,"50% cotton, 50% modal (exclusive of trimmings)"
M&S X GHOST,Floral Print Long Kimono Robe,https://www.marksandspencer.com/floral-print-long-kimono-wrap/p/clp60608121#intid=pid_pg4pip48g2r16c1,4.06,T375705Z,16,40,40,0,,100% viscose (exclusive of trimmings)
Rosie,Laylani Silk & Lace French Knickers,https://www.marksandspencer.com/laylani-silk-french-knickers/p/clp60571004#intid=pid_pg4pip48g2r16c2,4.92,T816459V,12,26,26,0,,"75% silk, 22% polyamide and 3% elastane (exclusive of trimmings), Gusset (of underwear) - 100% cotton"
M&S Collection,Satin Giraffe Print Pyjama Set,https://www.marksandspencer.com/satin-giraffe-print-pyjama-set/p/clp60619031#intid=pid_pg4pip48g2r17c1,4,T371368J,6,28,28,0,,100% polyester (exclusive of trimmings)
Rosie,Satin Shortie Set,https://www.marksandspencer.com/satin-revere-collar-shortie-set/p/clp60583623#intid=pid_pg4pip48g2r17c2,3.85,T376971Q,13,35,35,0,,100% polyester (exclusive of trimmings)
Cyberjammies,Cotton Modal Fawn Print Pyjama Top,https://www.marksandspencer.com/cotton-modal-fawn-print-pyjama-top/p/clp23001093#intid=pid_pg4pip48g2r18c1,0,T838512,,26,26,0,,"60% cotton, 40% modal"
Boutique,Evaline Embroidery Cami Set,https://www.marksandspencer.com/evaline-embroidery-cami-set/p/clp60593139#intid=pid_pg4pip48g2r18c2,0,T817769C,,28,28,0,,"92% polyester, 8% elastane (exclusive of trimmings), Gusset (of underwear) - 100% cotton"
M&S Collection,Pure Cotton Snoopy™ Shortie Set,https://www.marksandspencer.com/pure-cotton-snoopy-shortie-set/p/clp60629612#intid=pid_pg4pip48g2r19c1,5,T371442J,3,25,25,0,,100% cotton (exclusive of trimmings)
M&S Collection,Dream Satin™ Giraffe Print Pyjama Set,https://www.marksandspencer.com/satin-giraffe-print-pyjama-set/p/clp60588005#intid=pid_pg4pip48g2r19c2,4.5,T371315J,8,28,28,0,,100% polyester (exclusive of trimmings)
M&S Collection,Personalised Hooded Fleece Long Dressing Gown,https://www.marksandspencer.com/personalised-hooded-fleece-long-dressing-gown/p/clp60595676#intid=pid_pg4pip48g2r20c1,4.46,T049643P,278,39.5,39.5,0,,100% polyester (exclusive of trimmings)
M&S X GHOST,Floral Print Pyjama Bottoms,https://www.marksandspencer.com/floral-print-pyjama-bottoms/p/clp60588019#intid=pid_pg4pip48g2r20c2,4.17,T376903Z,12,22,22,0,,100% viscose (exclusive of trimmings)
M&S Collection,Dream Satin™ Printed Short Robe,https://www.marksandspencer.com/dream-satin-printed-short-robe/p/clp60622156#intid=pid_pg4pip48g2r21c1,0,T378506X,,28,28,0,,100% polyester (exclusive of trimmings)
M&S X GHOST,Floral Print Chemise,https://www.marksandspencer.com/floral-chemise/p/clp60588016#intid=pid_pg4pip48g2r21c2,4.71,T376601Z,7,35,35,0,,100% viscose (exclusive of trimmings)
M&S Collection,Pure Cotton Checked Shortie Set,https://www.marksandspencer.com/pure-cotton-checked-shortie-set/p/clp60590580#intid=pid_pg4pip48g2r22c1,4.71,T374533F,14,12,12,0,,100% cotton (exclusive of trimmings)
Body,Personalised Women's Pyjama Set,https://www.marksandspencer.com/personalised-women-s-pyjama-set/p/clp60592430#intid=pid_pg4pip48g2r22c2,4.15,T049686P,118,35,35,0,,100% cotton (exclusive of trimmings)
M&S Collection,Personalised Women's Muslin Pyjama Set,https://www.marksandspencer.com/personalised-muslin-rever-collar-pyjama/p/clp60565102#intid=pid_pg4pip48g2r23c1,4.51,T049844P,463,39.5,39.5,0,,100% cotton (exclusive of trimmings)
M&S Collection,Pure Cotton Palm Print Shortie Set,https://www.marksandspencer.com/pure-cotton-palm-print-shortie-set/p/clp60587681#intid=pid_pg4pip48g2r23c2,4.21,T374525F,14,12,12,0,,100% cotton (exclusive of trimmings)
M&S Collection,Personalised Women's Cotton Modal Shortie Set,https://www.marksandspencer.com/personalised-women-s-cotton-modal-shortie-set/p/clp60584209#intid=pid_pg4pip48g2r24c1,4.55,T049788P,22,32.5,32.5,0,,"50% cotton, 50% modal (exclusive of trimmings), Contains non-textile parts of animal origin"
Rosie,Satin Short Wrap,https://www.marksandspencer.com/satin-short-wrap/p/clp60583622#intid=pid_pg4pip48g2r24c2,3.5,T375740Q,6,38,38,0,,100% polyester (exclusive of trimmings)
M&S Collection,Striped Slogan Nightdress,https://www.marksandspencer.com/cool-comfort-striped-slogan-nightdress/p/clp60623113#intid=pid_pg5pip48g2r1c1,5,T373282M,1,15,15,0,,"50% cotton, 50% modal (exclusive of trimmings)"
M&S Collection,Satin Floral Print Short Chemise,https://www.marksandspencer.com/satin-floral-print-short-chemise/p/clp60622151#intid=pid_pg5pip48g2r1c2,3,T375035X,2,25,25,0,,100% polyester (exclusive of trimmings)
M&S Collection,Personalised Women's Family Checked Pyjamas Set,https://www.marksandspencer.com/personalised-women-s-family-check-pyjamas-set/p/clp60592039#intid=pid_pg5pip48g2r2c1,4.21,T049694P,127,35,35,0,,100% cotton (exclusive of trimmings)
M&S Collection,Dream Satin™ Giraffe Print Shortie Set,https://www.marksandspencer.com/dream-satin-giraffe-print-shortie-set/p/clp60621287#intid=pid_pg5pip48g2r2c2,4.2,T371389J,5,25,25,0,,100% polyester (exclusive of trimmings)
M&S Collection,Bonjour Slogan Vest,https://www.marksandspencer.com/cotton-blend-bonjour-slogan-vest/p/clp60623038#intid=pid_pg5pip48g2r3c1,5,T373508T,3,10,10,0,,"50% cotton, 50% modal (exclusive of trimmings)"
M&S Collection,C'est La Vie Slogan Pyjama Top,https://www.marksandspencer.com/cotton-blend-c-est-la-vie-slogan-pyjama-top/p/clp60623074#intid=pid_pg5pip48g2r3c2,5,T373506T,4,12,12,0,,"50% cotton, 50% modal (exclusive of trimmings)"
M&S X GHOST,Floral Print Pyjama Bottoms,https://www.marksandspencer.com/floral-print-pyjama-bottoms/p/clp60588017#intid=pid_pg5pip48g2r4c1,4.2,T376905Z,10,22,22,0,,100% viscose (exclusive of trimmings)
M&S X GHOST,Floral Print Pyjama Bottoms,https://www.marksandspencer.com/floral-print-pyjama-bottoms/p/clp60588025#intid=pid_pg5pip48g2r4c2,3.78,T376904Z,9,22,22,0,,100% viscose (exclusive of trimmings)
Body,Cotton Modal Short Nightdress,https://www.marksandspencer.com/cool-comfort-heart-print-short-nightdress/p/clp60586980#intid=pid_pg5pip48g2r5c1,4.53,T373244M,47,15,15,0,,"50% cotton, 50% modal (exclusive of trimmings)"
M&S Collection,Animal Print Short,https://www.marksandspencer.com/cotton-modal-animal-print-pyjama-shorts/p/clp60628836#intid=pid_pg5pip48g2r5c2,4,T373404S,3,10,10,0,,"50% cotton, 50% modal (exclusive of trimmings)"
M&S Collection,Personalised Women's Cotton Modal Short Nightshirt,https://www.marksandspencer.com/personalised-women-s-cool-comfort-short-nightshirt/p/clp60584210#intid=pid_pg5pip48g2r6c1,4.45,T049786P,40,28,28,0,,"50% cotton, 50% modal (exclusive of trimmings), Contains non-textile parts of animal origin"
M&S Collection,Dream Satin™ Pyjama Bottoms,https://www.marksandspencer.com/dream-satin-pyjama-bottoms/p/clp60622101#intid=pid_pg5pip48g2r6c2,3.5,T371603X,2,15,15,0,,100% polyester (exclusive of trimmings)
M&S X GHOST,Floral Print Pyjama Shorts,https://www.marksandspencer.com/floral-print-pyjama-shorts/p/clp60587947#intid=pid_pg5pip48g2r7c1,4.8,T376900Z,5,18,18,0,,100% viscose (exclusive of trimmings)
M&S X GHOST,Floral Print Revere Collar Pyjama Top,https://www.marksandspencer.com/ditsy-floral-print-revere-collar-pyjama-top/p/clp60589650#intid=pid_pg5pip48g2r7c2,4,T373404Z,1,22,22,0,,100% viscose (exclusive of trimmings)
M&S Collection,Personalised Women's Dressing Gown,https://www.marksandspencer.com/personalised-women-s-dressing-gown/p/clp60548775#intid=pid_pg5pip48g2r8c1,3.58,T049856P,24,35,35,0,,100% cotton (exclusive of trimmings);With belt
M&S X GHOST,Floral Print Pyjama Shorts,https://www.marksandspencer.com/floral-print-pyjama-shorts/p/clp60588020#intid=pid_pg5pip48g2r8c2,4.37,T376902Z,19,18,18,0,,100% viscose (exclusive of trimmings)
M&S X GHOST,Floral Print Long Kimono Robe,https://www.marksandspencer.com/floral-print-long-kimono-wrap/p/clp60607294#intid=pid_pg5pip48g2r9c1,4.36,T375703Z,11,40,40,0,,100% viscose (exclusive of trimmings)
M&S Collection,Personalised Women's Revere Pyjama Set,https://www.marksandspencer.com/personalised-women-s-revere-pyjama-set/p/clp60592030#intid=pid_pg5pip48g2r9c2,4.27,T049683P,175,35,35,0,,100% cotton (exclusive of trimmings)
M&S X GHOST,Floral Print Chemise,https://www.marksandspencer.com/floral-print-long-chemise/p/clp60588024#intid=pid_pg5pip48g2r10c1,4.29,T376600Z,7,35,35,0,,100% viscose (exclusive of trimmings)
M&S Collection,Personalised Women's Revere Shortie Set,https://www.marksandspencer.com/personalised-women-s-revere-shortie-set/p/clp60595700#intid=pid_pg5pip48g2r10c2,4.31,T049644P,199,32.5,32.5,0,,"50% cotton, 50% modal (exclusive of trimmings), Contains non-textile parts of animal origin"
M&S Collection,Polka Dot Lace Trim Chemise,https://www.marksandspencer.com/polka-dot-print-lace-trim-short-chemise/p/clp60600597#intid=pid_pg5pip48g2r11c1,4.65,T375077C,17,12,12,0,,"65% viscose, 35% polyester (exclusive of trimmings)"
M&S X GHOST,Floral Print Revere Collar Pyjama Top,https://www.marksandspencer.com/floral-print-revere-collar-pyjama-top/p/clp60589654#intid=pid_pg5pip48g2r11c2,4.33,T373403Z,3,22,22,0,,100% vicose (exclusive of trimmings)
Cyberjammies,Cotton Modal Geometric Print Long Nightdress,https://www.marksandspencer.com/cotton-modal-geometric-print-long-nightdress/p/clp22566274#intid=pid_pg5pip48g2r12c1,4.92,T838122,13,35,35,0,,"60% cotton, 40% modal"
M&S X GHOST,Floral Print Cami Top,https://www.marksandspencer.com/floral-print-cami-top/p/clp60592582#intid=pid_pg5pip48g2r12c2,4,T373407Z,4,16,16,0,,100% viscose (exclusive of trimmings)
M&S Collection,Dream Satin™ Printed Pyjama Shorts,https://www.marksandspencer.com/dream-satin-printed-pyjama-shorts/p/clp60622188#intid=pid_pg5pip48g2r13c1,0,T373322X,,12,12,0,,100% polyester (exclusive of trimmings)
M&S Collection,Personalised Women's Cotton Modal Pyjamas,https://www.marksandspencer.com/personalised-women-s-cotton-modal-pyjamas/p/clp60548753#intid=pid_pg5pip48g2r13c2,3.89,T049862P,19,37.5,37.5,0,,"50% cotton, 50% modal (exclusive of trimmings), Contains non-textile parts of animal origin"
M&S Collection,Personalised Women's Cotton Modal Short Dressing Gown,https://www.marksandspencer.com/personalised-women-s-cotton-modal-short-dressing-gown/p/clp60584208#intid=pid_pg5pip48g2r14c1,4,T049787P,39,30,30,0,,"50% cotton, 50% modal (exclusive of trimmings)"
M&S X GHOST,Floral Print Pyjama Shorts,https://www.marksandspencer.com/floral-print-pyjama-shorts/p/clp60588021#intid=pid_pg5pip48g2r14c2,3.75,T376901Z,4,18,18,0,,100% viscose (exclusive of trimmings)
Body,Personalised Women's Shortie Set,https://www.marksandspencer.com/personalised-women-s-revere-shortie-set/p/clp60592033#intid=pid_pg5pip48g2r15c1,5,T049680P,1,32.5,32.5,0,,100% cotton (exclusive of trimmings)
M&S X GHOST,Floral Print Pyjama Top,https://www.marksandspencer.com/floral-print-pyjama-top/p/clp60589421#intid=pid_pg5pip48g2r15c2,4.38,T373400Z,8,18,18,0,,100% viscose (exclusive of trimmings)
Rosie,Silk & Lace Trim Camisole,https://www.marksandspencer.com/silk-and-lace-trim-camisole/p/clp60270429#intid=pid_pg5pip48g2r16c1,4.62,T816380C,133,39.5,39.5,0,,"89% silk, 10% polyamide and 1% elastane, (exclusive of trimmings)"
Cyberjammies,Cotton Modal Floral Long Dressing Gown,https://www.marksandspencer.com/cotton-modal-floral-long-dressing-gown/p/clp22569251#intid=pid_pg5pip48g2r16c2,5,T838319,2,49,49,0,,"60% cotton, 40% modal"
Fantasie,Aubree Strappy Lace Chemise,https://www.marksandspencer.com/aubree-strappy-lace-chemise/p/hbp22542280#intid=pid_pg5pip48g2r17c1,4.75,T131645,4,57,57,0,,"70% polyamide, 23% elastane and 7% polyester"
Cyberjammies,Modal Rich Lace Trim Nightdress,https://www.marksandspencer.com/modal-rich-lace-trim-nightdress/p/clp22568428#intid=pid_pg5pip48g2r17c2,5,T838263,1,40,40,0,,"95% modal, 5% elastane"
M&S X GHOST,Floral Print Pyjama Top,https://www.marksandspencer.com/floral-print-pyjama-top/p/clp60589651#intid=pid_pg5pip48g2r18c1,3.78,T373402Z,9,18,18,0,,100% viscose (exclusive of trimmings)
Rosie,Silk & Lace French Knickers,https://www.marksandspencer.com/silk-and-lace-french-knickers/p/clp60267411#intid=pid_pg5pip48g2r18c2,4.33,T816380V,49,25,25,0,,"78% silk, 19% polyamide and 3% elastane, Gusset (of underwear) - 100% cotton, (exclusive of trimmings)"
Cyberjammies,Cotton Modal Floral Long Nightdress,https://www.marksandspencer.com/cotton-modal-floral-long-nightdress/p/clp22569254#intid=pid_pg5pip48g2r19c1,0,T838312,,35,35,0,,"60% cotton, 40% modal"
Cyberjammies,Cotton Modal Floral Pyjama Bottoms,https://www.marksandspencer.com/cotton-modal-floral-pyjama-bottoms/p/clp22569259#intid=pid_pg5pip48g2r19c2,0,T838294,,26,26,0,,"60% cotton, 40% modal"
Triumph,Aura Spotlight Lace Short Nightdress,https://www.marksandspencer.com/aura-spotlight-lace-short-nightdress/p/hbp22554524#intid=pid_pg5pip48g2r20c1,5,T133026,2,38,38,0,,"95% viscose, 5% elastane"
Cyberjammies,Cotton Modal Shell Print Pyjama Bottoms,https://www.marksandspencer.com/cotton-modal-shell-print-pyjama-bottoms/p/clp22561168#intid=pid_pg5pip48g2r20c2,5,T838042,2,24,24,0,,"60% cotton, 40% modal"
M&S X GHOST,Floral Print Pyjama Top,https://www.marksandspencer.com/ditsy-floral-print-pyjama-top/p/clp60589655#intid=pid_pg5pip48g2r21c1,4.29,T373401Z,7,18,18,0,,100% viscose (exclusive of trimmings)
M&S Collection,Personalised Women's Revere Nightshirt,https://www.marksandspencer.com/personalised-women-s-revere-nightshirt/p/clp60592031#intid=pid_pg5pip48g2r21c2,4.2,T049681P,56,27.5,27.5,0,,100% cotton (exclusive of trimmings)
M&S X GHOST,Floral Print Revere Collar Pyjama Top,https://www.marksandspencer.com/floral-print-revere-collar-pyjama-top/p/clp60589653#intid=pid_pg5pip48g2r22c1,3,T373405Z,2,22,22,0,,100% viscose (exclusive of trimmings)
Cyberjammies,Cotton Modal Floral Pyjama Top,https://www.marksandspencer.com/cotton-modal-floral-pyjama-top/p/clp22569267#intid=pid_pg5pip48g2r22c2,0,T838309,,26,26,0,,"60% cotton, 40% modal"
Cyberjammies,Modal Rich Cuffed Hem Pyjama Bottoms,https://www.marksandspencer.com/modal-rich-cuffed-hem-pyjama-bottoms/p/clp22564503#intid=pid_pg5pip48g2r23c1,4,T838163,4,26,26,0,,"95% modal, 5% elastane"
Cyberjammies,Cotton Rich Ditsy Floral Short Chemise,https://www.marksandspencer.com/cotton-rich-ditsy-floral-short-chemise/p/clp22564496#intid=pid_pg5pip48g2r23c2,4.2,T838134,5,29,29,0,,"60% cotton, 40% modal"
Cyberjammies,Modal Rich Long Nightdress,https://www.marksandspencer.com/modal-rich-long-nightdress/p/clp22569257#intid=pid_pg5pip48g2r24c1,5,T838315,1,35,35,0,,"95% modal, 5% elastane"
Cyberjammies,Cotton Rich Floral Long Nightdress,https://www.marksandspencer.com/cotton-rich-floral-long-nightdress/p/clp22564933#intid=pid_pg5pip48g2r24c2,5,T838239,5,40,40,0,,"60% cotton, 40% modal"
M&S Collection,Personalised Women's Revere Nightdress,https://www.marksandspencer.com/personalised-women-s-revere-nightdress/p/clp60592037#intid=pid_pg6pip48g2r1c1,4.29,T049695P,164,30,30,0,,100% cotton (exclusive of trimmings)
Cyberjammies,Cotton Modal Ditsy Floral Pyjama Shorts,https://www.marksandspencer.com/cotton-modal-ditsy-floral-pyjama-shorts/p/clp22564485#intid=pid_pg6pip48g2r1c2,4,T838151,4,18,18,0,,"60% cotton, 40% modal"
Cyberjammies,Pure Cotton Checked Pyjama Bottoms,https://www.marksandspencer.com/pure-cotton-checked-pyjama-bottoms/p/clp22569264#intid=pid_pg6pip48g2r2c1,0,T838305,,26,26,0,,100% cotton
Cyberjammies,Modal Rich Long Dressing Gown,https://www.marksandspencer.com/modal-rich-long-dressing-gown/p/clp22569250#intid=pid_pg6pip48g2r2c2,0,T838318,,49,49,0,,"95% modal, 5% elastane"
Wacoal,Embrace Floral Lace Short Chemise,https://www.marksandspencer.com/floral-lace-short-chemise/p/hbp22547401?color=BLACKMIX#intid=pid_pg6pip48g2r3c1,4.35,T134723,20,54,54,0,,"82% nylon, 18% elastane"
Cyberjammies,Cotton Modal Floral Print Pyjama Shorts,https://www.marksandspencer.com/cotton-modal-floral-print-pyjama-shorts/p/clp22564491#intid=pid_pg6pip48g2r3c2,3.5,T838136,2,18,18,0,,"60% cotton, 40% modal"
Triumph,Amourette Lace Short Chemise,https://www.marksandspencer.com/amourette-lace-short-chemise/p/hbp22542623#intid=pid_pg6pip48g2r4c1,4.67,T133320,21,40,40,0,,"95% viscose, 5% elastane, Lace - 87% polyamide, 13%  elastane, Trimming - 90% polyamide, 10% elastane"
Cyberjammies,Cotton Modal Floral Short Chemise,https://www.marksandspencer.com/cotton-modal-floral-short-chemise/p/clp22569255#intid=pid_pg6pip48g2r4c2,5,T838313,2,29,29,0,,"60% cotton, 40% modal"
Spencer Bear™,Personalised Women's Spencer Bear™ Onesie,https://www.marksandspencer.com/personalised-women-s-spencer-bear-onesie/p/clp60592600#intid=pid_pg6pip48g2r5c1,4.59,T049697P,91,42,42,0,,"100% polyester (exclusive of trimmings), Cuff ribbing - 95% cotton, 5% elastane, Hood lining (of a product) - 100% polyester, Pocketing (pocket fabric composition) - 100% polyester"
Cyberjammies,Cotton Modal Berry Print Pyjama Bottoms,https://www.marksandspencer.com/cotton-modal-berry-print-pyjama-bottoms/p/clp22569265#intid=pid_pg6pip48g2r5c2,0,T838306,,26,26,0,,"60% cotton, 40% modal"
Cyberjammies,Cotton Modal Celestial Print Pyjama Bottoms,https://www.marksandspencer.com/cotton-modal-celestial-print-pyjama-bottoms/p/clp22569263#intid=pid_pg6pip48g2r6c1,0,T838302,,26,26,0,,"60% cotton, 40% modal"
Cyberjammies,Cotton Modal Floral Pyjama Bottoms,https://www.marksandspencer.com/cotton-modal-floral-pyjama-bottoms/p/clp22564481#intid=pid_pg6pip48g2r6c2,5,T838139,1,26,26,0,,"60% cotton, 40% modal"
Cyberjammies,Modal Rich Short Nightshirt,https://www.marksandspencer.com/modal-rich-short-nightshirt/p/clp22569253#intid=pid_pg6pip48g2r7c1,0,T838311,,32,32,0,,"95% modal, 5% elastane"
Cyberjammies,Modal Rich Pyjama Bottoms,https://www.marksandspencer.com/modal-rich-pyjama-bottoms/p/clp22569266#intid=pid_pg6pip48g2r7c2,5,T838308,1,26,26,0,,"95% modal, 5% elastane"
Cyberjammies,Modal Rich Long Dressing Gown,https://www.marksandspencer.com/modal-rich-long-dressing-gown/p/clp22569249#intid=pid_pg6pip48g2r8c1,0,T838317,,49,49,0,,"95% modal, 5% elastane"
Cyberjammies,Cotton Modal Broderie Pyjama Bottoms,https://www.marksandspencer.com/cotton-modal-broderie-pyjama-bottoms/p/clp22561166#intid=pid_pg6pip48g2r8c2,4.33,T838040,3,28,28,0,,"60% cotton, 40% modal"
DKNY,Jersey Logo Midi Nightdress,https://www.marksandspencer.com/jersey-logo-midi-nightdress/p/hbp22556038?color=BLACKMIX#intid=pid_pg6pip48g2r9c1,5,T135068,1,79,79,0,,"57% cotton, 38% viscose and 5% elastane"
Cyberjammies,Cotton Modal Floral Long Dressing Gown,https://www.marksandspencer.com/cotton-modal-floral-long-dressing-gown/p/clp22564495#intid=pid_pg6pip48g2r9c2,5,T838120,5,49,49,0,,"60% cotton, 40% modal"
M&S Collection,Personalised Women's Family Checked Nightshirt,https://www.marksandspencer.com/personalised-women-s-family-check-nightshirt/p/clp60592040#intid=pid_pg6pip48g2r10c1,4.31,T049690P,68,27.5,27.5,0,,100% cotton (exclusive of trimmings)
Spencer Bear™,Personalised Women's Spencer Bear™ Pyjamas,https://www.marksandspencer.com/personalised-women-s-spencer-bear-pyjamas/p/clp60592611#intid=pid_pg6pip48g2r10c2,4.35,T049692P,140,29.5,29.5,0,,"95% cotton, 5% viscose (exclusive of trimmings)"
Cyberjammies,Cotton Modal Berry Print Pyjama Top,https://www.marksandspencer.com/cotton-modal-berry-print-pyjama-top/p/clp22569268#intid=pid_pg6pip48g2r11c1,0,T838310,,26,26,0,,"60% cotton, 40% modal"
Cyberjammies,Cotton Modal Broderie Strappy Short Chemise,https://www.marksandspencer.com/cotton-modal-broderie-strappy-short-chemise/p/clp22561149#intid=pid_pg6pip48g2r11c2,2,T838013,3,35,35,0,,"60% cotton, 40% modal"
DKNY,Jersey Logo Print Short Robe,https://www.marksandspencer.com/jersey-logo-print-short-robe/p/hbp22556041?color=GREYMIX#intid=pid_pg6pip48g2r12c1,3,T135069,1,89,89,0,,"57% cotton, 38% viscose and 5% elastane"
Cyberjammies,Cotton Modal Broderie Cami Top,https://www.marksandspencer.com/cotton-modal-broderie-cami-top/p/clp22561172#intid=pid_pg6pip48g2r12c2,4,T838048,3,22,22,0,,"60% cotton, 40% modal"
Cyberjammies,Modal Lace Trim Cami Top,https://www.marksandspencer.com/modal-lace-trim-cami-top/p/clp22564478#intid=pid_pg6pip48g2r13c1,4,T838157,2,18,18,0,,100% modal
Cyberjammies,Cotton Modal Floral Nightdress,https://www.marksandspencer.com/cotton-modal-floral-nightdress/p/clp22564497#intid=pid_pg6pip48g2r13c2,4.9,T838133,10,29,29,0,,"60% cotton, 40% modal"
Cyberjammies,Pure Cotton Checked Long Dressing Gown,https://www.marksandspencer.com/pure-cotton-checked-long-dressing-gown/p/clp22569252#intid=pid_pg6pip48g2r14c1,0,T838320,,49,49,0,,100% cotton
Cyberjammies,Cotton Modal Shell Print Cami Top,https://www.marksandspencer.com/cotton-modal-shell-print-cami-top/p/clp22561160#intid=pid_pg6pip48g2r14c2,3,T838032,2,18,18,0,,"60% cotton, 40% modal"
M&S Collection,Personalised Women's Bear Onesie with Ears,https://www.marksandspencer.com/personalised-women-s-bear-onesie-with-ears/p/clp60592602#intid=pid_pg6pip48g2r15c1,4.83,T049696P,6,42,42,0,,No composition found
M&S X GHOST,Floral Print Cami Top,https://www.marksandspencer.com/floral-print-cami-top/p/clp60592530#intid=pid_pg6pip48g2r15c2,4,T373406Z,4,16,16,0,,100% viscose (exclusive of trimmings)
M&S Collection,Lace Trim Chemise,https://www.marksandspencer.com/lace-trim-strappy-short-chemise/p/clp60600596#intid=pid_pg6pip48g2r16c1,5,T375078C,7,12,12,0,,"65% viscose, 35% polyester (exclusive of trimmings)"
Cyberjammies,Cotton Modal Broderie Short Dressing Gown,https://www.marksandspencer.com/cotton-modal-short-dressing-gown/p/clp22561159#intid=pid_pg6pip48g2r16c2,5,T838031,2,42,42,0,,"60% cotton, 40% modal"
Cyberjammies,Cotton Modal Geometric Long Dressing Gown,https://www.marksandspencer.com/cotton-modal-geometric-long-dressing-gown/p/clp22564477#intid=pid_pg6pip48g2r17c1,5,T838116,3,49,49,0,,"60% cotton, 40% modal"
Cyberjammies,Modal Rich Pyjama Top,https://www.marksandspencer.com/modal-rich-pyjama-top/p/clp22564480#intid=pid_pg6pip48g2r17c2,5,T838144,1,22,22,0,,"95% modal, 5% elastane"
Cyberjammies,Long Nightdress,https://www.marksandspencer.com/long-nightdress/p/clp22564489#intid=pid_pg6pip48g2r18c1,4,T838135,4,35,35,0,,"95% modal, 5% elastane"
Cyberjammies,Cotton Modal Leaf Print Pyjama Bottoms,https://www.marksandspencer.com/cotton-modal-leaf-print-pyjama-bottoms/p/clp22561169#intid=pid_pg6pip48g2r18c2,4,T838045,2,26,26,0,,"60% cotton, 40% modal"
Cyberjammies,Cotton Modal Floral Long Nightdress,https://www.marksandspencer.com/cotton-modal-floral-long-nightdress/p/clp22569254#intid=pid_pg6pip48g2r19c1,0,T838312,,35,35,0,,"60% cotton, 40% modal"
M&S Collection,Pure Cotton Spencer Bear Pyjama Set,https://www.marksandspencer.com/pure-cotton-spencer-bear-pyjama-set/p/clp60624451#intid=pid_pg6pip48g2r19c2,0,T371409J,,22,22,0,,"100% cotton (exclusive of trimmings), Ribbing - 98% cotton, 2% elastane"
Wacoal,Instant Icon Lace Strappy Chemise,https://www.marksandspencer.com/lace-strappy-chemise/p/hbp22547402?color=BLACKMIX#intid=pid_pg6pip48g2r20c1,5,T134724,6,54,54,0,,"82% nylon, 18% elastane"
Cyberjammies,Cotton Modal Broderie Pyjama Shorts,https://www.marksandspencer.com/cotton-modal-broderie-pyjama-shorts/p/clp22561167#intid=pid_pg6pip48g2r20c2,2,T838041,2,22,22,0,,"60% cotton, 40% modal"
Cyberjammies,Pure Cotton Checked Short Nightshirt,https://www.marksandspencer.com/pure-cotton-checked-short-nightshirt/p/clp22569256#intid=pid_pg6pip48g2r21c1,5,T838314,1,32,32,0,,100% cotton
Wacoal,Embrace Floral Lace Short Chemise,https://www.marksandspencer.com/floral-lace-short-chemise/p/hbp22547401?color=WHITE#intid=pid_pg6pip48g2r21c2,4.35,T134723,20,54,54,0,,"82% nylon, 18% elastane"
Cyberjammies,Pure Cotton Checked Long Dressing Gown,https://www.marksandspencer.com/pure-cotton-checked-long-dressing-gown/p/clp23001090#intid=pid_pg6pip48g2r22c1,0,T838506,,49,49,0,,100% cotton
Cyberjammies,Cotton Modal Floral Long Nightdress,https://www.marksandspencer.com/cotton-modal-floral-long-nightdress/p/clp22568427#intid=pid_pg6pip48g2r22c2,5,T838259,1,40,40,0,,"60% cotton, 40% modal"
M&S X GHOST,Floral Print Cami Top,https://www.marksandspencer.com/ditsy-floral-print-cami-top/p/clp60592581#intid=pid_pg6pip48g2r23c1,3,T373408Z,1,16,16,0,,100% viscose (exclusive of trimmings)
M&S Collection,Personalised Women's Check Shortie Set,https://www.marksandspencer.com/personalised-women-s-family-check-shortie-set/p/clp60592032#intid=pid_pg6pip48g2r23c2,4.1,T049682P,21,32.5,32.5,0,,100% cotton (exclusive of trimmings)
Cyberjammies,Cotton Modal Leopard Print Pyjama Bottoms,https://www.marksandspencer.com/cotton-modal-leopard-print-pyjama-bottoms/p/clp22564482#intid=pid_pg6pip48g2r24c1,0,T838155,,26,26,0,,"60% cotton, 40% modal"
Hotmilk,Dream Strappy Nursing Chemise,https://www.marksandspencer.com/dream-strappy-maternity-chemise/p/hbp22536277?color=BLACK#intid=pid_pg6pip48g2r24c2,0,T134450,,49.99,49.99,0,,"95% viscose, 5% elastane"
Wacoal,Embrace Floral Lace Short Chemise,https://www.marksandspencer.com/floral-lace-short-chemise/p/hbp22547401?color=WHITE#intid=pid_pg7pip48g2r1c1,4.35,T134723,20,54,54,0,,"82% nylon, 18% elastane"
Cyberjammies,Pure Cotton Checked Long Dressing Gown,https://www.marksandspencer.com/pure-cotton-checked-long-dressing-gown/p/clp23001090#intid=pid_pg7pip48g2r1c2,0,T838506,,49,49,0,,100% cotton
Seasalt Cornwall,Pure Cotton Printed Tie Dressing Gown,https://www.marksandspencer.com/pure-cotton-printed-tie-dressing-gown/p/clp22556166#intid=pid_pg7pip48g2r2c1,5,T838480T,6,55,55,0,,100% cotton
Cyberjammies,Cotton Modal Floral Nightdress,https://www.marksandspencer.com/cotton-modal-floral-nightdress/p/clp22564499#intid=pid_pg7pip48g2r2c2,4.57,T838130,23,29,29,0,,"60% cotton, 40% modal"
Cyberjammies,Cotton Modal Floral Long Nightdress,https://www.marksandspencer.com/cotton-modal-floral-long-nightdress/p/clp22568427#intid=pid_pg7pip48g2r3c1,5,T838259,1,40,40,0,,"60% cotton, 40% modal"
M&S X GHOST,Floral Print Cami Top,https://www.marksandspencer.com/ditsy-floral-print-cami-top/p/clp60592581#intid=pid_pg7pip48g2r3c2,3,T373408Z,1,16,16,0,,100% viscose (exclusive of trimmings)
M&S Collection,Personalised Women's Check Shortie Set,https://www.marksandspencer.com/personalised-women-s-family-check-shortie-set/p/clp60592032#intid=pid_pg7pip48g2r4c1,4.1,T049682P,21,32.5,32.5,0,,100% cotton (exclusive of trimmings)
Cyberjammies,Cotton Modal Leopard Print Pyjama Bottoms,https://www.marksandspencer.com/cotton-modal-leopard-print-pyjama-bottoms/p/clp22564482#intid=pid_pg7pip48g2r4c2,0,T838155,,26,26,0,,"60% cotton, 40% modal"
Hotmilk,Dream Strappy Nursing Chemise,https://www.marksandspencer.com/dream-strappy-maternity-chemise/p/hbp22536277?color=BLACK#intid=pid_pg7pip48g2r5c1,0,T134450,,49.99,49.99,0,,"95% viscose, 5% elastane"
Cyberjammies,Modal Rich Pyjama Top,https://www.marksandspencer.com/modal-rich-pyjama-top/p/clp22564504#intid=pid_pg7pip48g2r5c2,5,T838162,2,22,22,0,,"95% modal, 5% elastane"
Cyberjammies,Cotton Modal Geometric Pyjama Shorts,https://www.marksandspencer.com/cotton-modal-geometric-pyjama-shorts/p/clp23000154#intid=pid_pg7pip48g2r6c1,0,T838410,,18,18,0,,"60% cotton, 40% modal"
DKNY,Jersey Logo Midi Nightdress,https://www.marksandspencer.com/jersey-logo-midi-nightdress/p/hbp22556038?color=GREYMIX#intid=pid_pg7pip48g2r6c2,5,T135068,1,79,79,0,,"57% cotton, 38% viscose and 5% elastane"
Cyberjammies,Modal Rich Pyjama Top,https://www.marksandspencer.com/modal-rich-pyjama-top/p/clp22569262#intid=pid_pg7pip48g2r7c1,1,T838297,1,26,26,0,,"95% modal, 5% elastane"
Cyberjammies,Cotton Modal Floral Long Dressing Gown,https://www.marksandspencer.com/cotton-modal-floral-long-dressing-gown/p/clp22568426#intid=pid_pg7pip48g2r7c2,4,T838280,1,49,49,0,,"60% cotton, 40% modal"
Wacoal,Embrace Floral Lace Short Chemise,https://www.marksandspencer.com/floral-lace-short-chemise/p/hbp22547401?color=BEIGEMIX#intid=pid_pg7pip48g2r8c1,4.35,T134723,20,54,54,0,,"82% nylon, 18% elastane"
DKNY,Cotton Rich Logo Shortie Set,https://www.marksandspencer.com/cotton-rich-logo-shortie-set/p/hbp22556037?color=GREYMIX#intid=pid_pg7pip48g2r8c2,0,T135066,,69,69,0,,"57% cotton, 38% viscose and 5% elastane"
Cyberjammies,Cotton Modal Palm Leaf Print Pyjama Shorts,https://www.marksandspencer.com/cotton-modal-palm-leaf-print-pyjama-shorts/p/clp22564484#intid=pid_pg7pip48g2r9c1,5,T838148,2,18,18,0,,"60% cotton, 40% modal"
Cyberjammies,Cotton Modal Floral Long Dressing Gown,https://www.marksandspencer.com/cotton-modal-floral-long-dressing-gown/p/clp22564935#intid=pid_pg7pip48g2r9c2,3.5,T838240,2,49,49,0,,"60% cotton, 40% modal"
Cyberjammies,Modal Rich Long Nightdress,https://www.marksandspencer.com/modal-rich-long-nightdress/p/clp22569258#intid=pid_pg7pip48g2r10c1,5,T838316,1,35,35,0,,"95% modal, 5% elastane"
Cyberjammies,Cotton Modal Floral Long Dressing Gown,https://www.marksandspencer.com/cotton-modal-floral-long-dressing-gown/p/clp22564479#intid=pid_pg7pip48g2r10c2,4.25,T838117,8,49,49,0,,"60% cotton, 40% modal"
Cyberjammies,Modal Rich Pyjama Top,https://www.marksandspencer.com/modal-rich-pyjama-top/p/clp22564507#intid=pid_pg7pip48g2r11c1,5,T838165,1,22,22,0,,"95% modal, 5% elastane"
Cyberjammies,Cotton Modal Celestial Print Pyjama Top,https://www.marksandspencer.com/cotton-modal-celestial-print-pyjama-top/p/clp22569261#intid=pid_pg7pip48g2r11c2,0,T838296,,26,26,0,,"60% cotton, 40% modal"
Cyberjammies,Cotton Modal Leopard Print Pyjama Shorts,https://www.marksandspencer.com/cotton-modal-leopard-print-pyjama-shorts/p/clp23000156#intid=pid_pg7pip48g2r12c1,0,T838416,,18,18,0,,"60% cotton, 40% modal"
Cyberjammies,Pure Cotton Checked Pyjama Top,https://www.marksandspencer.com/pure-cotton-checked-pyjama-top/p/clp22569260#intid=pid_pg7pip48g2r12c2,0,T838295,,26,26,0,,100% cotton
Cyberjammies,Cotton Modal Leaf Print Long Dressing Gown,https://www.marksandspencer.com/cotton-modal-leaf-print-long-dressing-gown/p/clp22564493#intid=pid_pg7pip48g2r13c1,4.25,T838118,4,49,49,0,,"60% cotton, 40% modal"
Hotmilk,Dream Strappy Nursing Chemise,https://www.marksandspencer.com/dream-strappy-maternity-chemise/p/hbp22536277?color=PINK#intid=pid_pg7pip48g2r13c2,0,T134450,,49.99,49.99,0,,"95% viscose, 5% elastane"
Cyberjammies,Cotton Modal Palm Print Short Chemise,https://www.marksandspencer.com/cotton-modal-palm-print-short-chemise/p/clp23000158#intid=pid_pg7pip48g2r14c1,5,T838418,1,29,29,0,,"60% cotton, 40% modal"
Cyberjammies,Cami Top,https://www.marksandspencer.com/cami-top/p/clp23000157#intid=pid_pg7pip48g2r14c2,0,T838417,,18,18,0,,100%  modal
Cyberjammies,Jersey Lace Trim Long Dressing Gown,https://www.marksandspencer.com/jersey-lace-trim-long-dressing-gown/p/clp22568424#intid=pid_pg7pip48g2r15c1,3,T838272,1,49,49,0,,"95% modal, 5% elastane"
Seasalt Cornwall,Cotton Rich Striped Cropped Pyjama Set,https://www.marksandspencer.com/cotton-rich-striped-cropped-pyjama-set/p/clp22560453#intid=pid_pg7pip48g2r15c2,5,T838469T,6,55,55,0,,"96% cotton, 4% elastane"
Cyberjammies,Cotton Modal Pear Print Pyjama Shorts,https://www.marksandspencer.com/cotton-modal-pear-print-pyjama-shorts/p/clp22561171#intid=pid_pg7pip48g2r16c1,5,T838047,1,18,18,0,,"60% cotton, 40% modal"
Cyberjammies,Cotton Modal Pear Print Short Dressing Gown,https://www.marksandspencer.com/cotton-modal-pear-print-short-dressing-gown/p/clp22561156#intid=pid_pg7pip48g2r16c2,5,T838027,4,35,35,0,,"60% cotton, 40% modal"
Cyberjammies,Cotton Modal Leopard Print Pyjama Top,https://www.marksandspencer.com/cotton-modal-leopard-print-pyjama-top/p/clp22564486#intid=pid_pg7pip48g2r17c1,0,T838150,,26,26,0,,"60% cotton, 40% modal"
Cyberjammies,Cotton Modal Leaf Print Cami Top,https://www.marksandspencer.com/cotton-modal-leaf-print-cami-top/p/clp22561165#intid=pid_pg7pip48g2r17c2,1,T838039,1,18,18,0,,"60% cotton, 40% modal"
Wacoal,Lace Perfection Chemise,https://www.marksandspencer.com/lace-perfection-chemise/p/hbp22554575#intid=pid_pg7pip48g2r18c1,4,T134030,3,62,62,0,,"72% polyamide, 19% elastane and 9% polyester"
DKNY,Jersey Logo Print Short Robe,https://www.marksandspencer.com/jersey-logo-print-short-robe/p/hbp22556041?color=BLACKMIX#intid=pid_pg7pip48g2r18c2,3,T135069,1,89,89,0,,"57% cotton, 38% viscose and 5% elastane"
Cyberjammies,Cotton Modal Ditsy Floral Pyjama Bottoms,https://www.marksandspencer.com/cotton-modal-ditsy-floral-pyjama-bottoms/p/clp22564506#intid=pid_pg7pip48g2r19c1,0,T838164,,26,26,0,,"60% cotton, 40% modal"
Elomi,Embroidered Lace Strappy Chemise,https://www.marksandspencer.com/embroidered-lace-strappy-chemise/p/hbp22559958?color=BLACK#intid=pid_pg7pip48g2r19c2,5,T133043,2,52,52,0,,"75% nylon/polyamide, 10% elastane, 9% polyester and 6% cotton"
Cyberjammies,Modal Rich Knit Revere Pyjama Top,https://www.marksandspencer.com/modal-rich-knit-revere-pyjama-top/p/clp22564502#intid=pid_pg7pip48g2r20c1,0,T838160,,26,26,0,,"95% modal, 5% elastane"
Cyberjammies,Cotton Modal Floral Print Pyjama Top,https://www.marksandspencer.com/cotton-modal-floral-print-pyjama-top/p/clp22564490#intid=pid_pg7pip48g2r20c2,0,T838138,,26,26,0,,"60% cotton, 40% modal"
Cyberjammies,Cotton Modal Petal Print Pyjama Bottoms,https://www.marksandspencer.com/cotton-modal-petal-print-pyjama-bottoms/p/clp22555073#intid=pid_pg7pip48g2r21c1,4.71,T838794S,7,18,26,8,On sale,"60% cotton, 40% modal"
Cyberjammies,Modal Rich Lace Trim Pyjama Set,https://www.marksandspencer.com/modal-rich-lace-trim-pyjama-set/p/clp22564932#intid=pid_pg7pip48g2r21c2,5,T838237,2,52,52,0,,"95% modal, 5% elastane"
Cyberjammies,Modal Cami Top,https://www.marksandspencer.com/modal-cami-top/p/clp22564508#intid=pid_pg7pip48g2r22c1,1,T838169,1,18,18,0,,100% modal
Cyberjammies,Cotton Modal Leaf Print Pyjama Bottoms,https://www.marksandspencer.com/cotton-modal-leaf-print-pyjama-bottoms/p/clp22564487#intid=pid_pg7pip48g2r22c2,0,T838149,,26,26,0,,"60% cotton, 40% modal"
DKNY,Cotton Rich Pyjama Set,https://www.marksandspencer.com/cotton-rich-pyjama-set/p/hbp22538908#intid=pid_pg7pip48g2r23c1,4,T132420,4,79,79,0,,"60% cotton, 40% viscose"
Cyberjammies,Cotton Modal Floral Long Nightdress,https://www.marksandspencer.com/cotton-modal-floral-long-nightdress/p/clp22559533#intid=pid_pg7pip48g2r23c2,4.33,T838395T,12,20,40,20,On sale,"60% cotton, 40% modal"
Cyberjammies,Cotton Modal Leaf Print Pyjama Top,https://www.marksandspencer.com/cotton-modal-leaf-print-pyjama-top/p/clp22561162#intid=pid_pg7pip48g2r24c1,5,T838035,1,24,24,0,,"60% cotton, 40% modal"
Cyberjammies,Cotton Modal Shell Print Pyjama Shorts,https://www.marksandspencer.com/cotton-modal-shell-print-pyjama-shorts/p/clp22561164#intid=pid_pg7pip48g2r24c2,4.5,T838037,2,18,18,0,,"60% cotton, 40% modal"
Cyberjammies,Cotton Modal Leaf Print Pyjama Shorts,https://www.marksandspencer.com/cotton-modal-leaf-print-pyjama-shorts/p/clp22561173#intid=pid_pg8pip48g2r1c1,5,T838049,2,18,18,0,,"60% cotton, 40% modal"
Cyberjammies,Cotton Modal Pear Print Cami Top,https://www.marksandspencer.com/cotton-modal-pear-print-cami-top/p/clp22561163#intid=pid_pg8pip48g2r1c2,1,T838036,1,18,18,0,,"60% cotton, 40% modal"
Cyberjammies,Modal Rich Long Dressing Gown,https://www.marksandspencer.com/modal-rich-long-dressing-gown/p/clp22564936#intid=pid_pg8pip48g2r2c1,0,T838241,,49,49,0,,"95% modal, 5% elastane"
Cyberjammies,Cotton Modal Floral Print Pyjama Top,https://www.marksandspencer.com/cotton-modal-floral-print-pyjama-top/p/clp22555070#intid=pid_pg8pip48g2r2c2,4,T839344S,6,18,26,8,On sale,"60% cotton, 40% modal"
Cyberjammies,Cotton Modal Broderie Pyjama Top,https://www.marksandspencer.com/cotton-modal-broderie-pyjama-top/p/clp22561174#intid=pid_pg8pip48g2r3c1,5,T838050,1,26,26,0,,"60% cotton, 40% modal"
Cyberjammies,Modal Rich Lace Trim Pyjama Set,https://www.marksandspencer.com/modal-rich-lace-trim-pyjama-set/p/clp22568430#intid=pid_pg8pip48g2r3c2,0,T838256,,52,52,0,,"95% modal, 5% elastane"
Cyberjammies,Modal Rich Lace Trim Long Dressing Gown,https://www.marksandspencer.com/modal-rich-lace-trim-long-dressing-gown/p/clp22568425#intid=pid_pg8pip48g2r4c1,3,T838273,1,49,49,0,,"95% modal, 5% elastane"
DKNY,Cotton Rich Logo Pyjama Bottoms,https://www.marksandspencer.com/cotton-rich-logo-pyjama-bottoms/p/hbp22556040?color=BLACKMIX#intid=pid_pg8pip48g2r4c2,0,T135070,,70,70,0,,"57% cotton, 38% viscose and 5% elastane"
Cyberjammies,Cotton Modal Leaf Print Short Chemise,https://www.marksandspencer.com/cotton-modal-leaf-print-short-chemise/p/clp22561148#intid=pid_pg8pip48g2r5c1,5,T838007,5,29,29,0,,"60% cotton, 40% modal"
Cyberjammies,Cotton Modal Shell Print Pyjama Top,https://www.marksandspencer.com/cotton-modal-shell-print-pyjama-top/p/clp22561175#intid=pid_pg8pip48g2r5c2,4.67,T838051,3,24,24,0,,"60% cotton, 40% modal"
DKNY,Cotton Rich Logo Pyjama Bottoms,https://www.marksandspencer.com/cotton-rich-logo-pyjama-bottoms/p/hbp22556040?color=GREYMIX#intid=pid_pg8pip48g2r6c1,0,T135070,,70,70,0,,"57% cotton, 38% viscose and 5% elastane"
Cyberjammies,Modal Rich Cami Top,https://www.marksandspencer.com/modal-rich-cami-top/p/clp22557534#intid=pid_pg8pip48g2r6c2,4.75,T838033T,4,9.5,18,8.5,On sale,100% modal
Seasalt Cornwall,Cotton Rich Floral Short Nightdress,https://www.marksandspencer.com/cotton-rich-floral-short-nightdress/p/clp22560455#intid=pid_pg8pip48g2r7c1,4,T838471T,2,45,45,0,,"96% cotton, 4% elastane"
Cyberjammies,Cotton Modal Ditsy Floral Pyjama Top,https://www.marksandspencer.com/cotton-modal-ditsy-floral-pyjama-top/p/clp22564483#intid=pid_pg8pip48g2r7c2,0,T838154,,26,26,0,,"60% cotton, 40% modal"
Cyberjammies,Cotton Modal Tile Print Pyjama Top,https://www.marksandspencer.com/cotton-modal-tile-print-pyjama-top/p/clp22557521#intid=pid_pg8pip48g2r8c1,5,T838021T,8,12,24,12,On sale,"60% cooton, 40% modal"
Cyberjammies,Cotton Modal Flamingo Print Short Chemise,https://www.marksandspencer.com/cotton-modal-flamingo-print-short-chemise/p/clp22557497#intid=pid_pg8pip48g2r8c2,4.72,T838007T,29,21,29,8,On sale,"60% cotton, 40% modal"
Nobody's Child,Satin Floral Shortie Set,https://www.marksandspencer.com/satin-floral-shortie-set/p/clp22559124#intid=pid_pg8pip48g2r9c1,4,T822058,1,18,59,41,On sale,"97% recyled polyester, 3% elastane"
Cyberjammies,Cotton Rich Shell Print Short Chemise,https://www.marksandspencer.com/cotton-rich-shell-print-short-chemise/p/clp22561150#intid=pid_pg8pip48g2r9c2,4.5,T838018,4,29,29,0,,"60% cotton, 40% modal"
Kate Spade,Shell Print Shortie Set,https://www.marksandspencer.com/shell-print-shortie-set/p/hbp22555869#intid=pid_pg8pip48g2r10c1,5,T131074,1,64,89,25,On sale,"94% polyester, 6% elastane"
Fantasie,Pippa Floral Lace Trim Short Chemise,https://www.marksandspencer.com/pippa-floral-lace-trim-short-chemise/p/hbp22566958#intid=pid_pg8pip48g2r10c2,0,T131626,,57,57,0,,"68% polyester, 16% nylon and 16% elastane"
Cyberjammies,Pure Cotton Checked Short Nightshirt,https://www.marksandspencer.com/pure-cotton-checked-short-nightshirt/p/clp23001075#intid=pid_pg8pip48g2r11c1,0,T838509,,32,32,0,,100% cotton
Fantasie,Adelle Full Briefs,https://www.marksandspencer.com/adelle-full-briefs/p/hbp22554330#intid=pid_pg8pip48g2r11c2,0,T131109,,18,18,0,,"85% recycled polyester, 13% elastane and 2% polyester"
Seasalt Cornwall,Cotton Rich Shell Print Cropped Pyjama Set,https://www.marksandspencer.com/cotton-rich-shell-print-cropped-pyjama-set/p/clp22560466#intid=pid_pg8pip48g2r12c1,5,T838478T,5,55,55,0,,"96% cotton, 4% elastane"
Cyberjammies,Modal Rich Short Dressing Gown,https://www.marksandspencer.com/modal-rich-short-dressing-gown/p/clp22561155#intid=pid_pg8pip48g2r12c2,1,T838026,1,35,35,0,,"95% modal, 5% elastane"
DKNY,Cotton Rich Embroidered Pyjama Set,https://www.marksandspencer.com/cotton-rich-embroidered-pyjama-set/p/hbp22538415#intid=pid_pg8pip48g2r13c1,4.4,T132423,5,75,75,0,,"60% cotton, 40% viscose"
DKNY,Cotton Rich Logo Shortie Set,https://www.marksandspencer.com/cotton-rich-logo-shortie-set/p/hbp22556037?color=BLACKMIX#intid=pid_pg8pip48g2r13c2,0,T135066,,69,69,0,,"57% cotton, 38% viscose and 5% elastane"
Seasalt Cornwall,Organic Cotton Floral Shortie Set,https://www.marksandspencer.com/organic-cotton-floral-shortie-set/p/clp22560456#intid=pid_pg8pip48g2r14c1,5,T838472T,4,52.95,52.95,0,,100% cotton
Nobody's Child,Pure Cotton Floral Shortie Set,https://www.marksandspencer.com/pure-cotton-floral-shortie-set/p/clp22559126#intid=pid_pg8pip48g2r14c2,3,T822056,4,18,59,41,,100% cotton
DKNY,Fleece Long Sleeve Hooded Zip Up Short Robe,https://www.marksandspencer.com/fleece-long-sleeve-hooded-zip-up-short-robe/p/hbp22571627#intid=pid_pg8pip48g2r15c1,0,T132434,,89,89,0,,100% polyester
Seasalt Cornwall,Cotton Rich Floral Shortie Set,https://www.marksandspencer.com/cotton-rich-floral-shortie-set/p/clp22560468#intid=pid_pg8pip48g2r15c2,5,T838479T,4,49.95,49.95,0,,"96% cotton, 4% elastane"
DKNY,Fleece Pyjama Set,https://www.marksandspencer.com/fleece-printed-pyjama-set/p/hbp22571621#intid=pid_pg8pip48g2r16c1,0,T132454,,85,85,0,,"96% polyester, 4% elastane"
DKNY,Hooded Long Dressing Gown,https://www.marksandspencer.com/hooded-long-dressing-gown/p/hbp22571626#intid=pid_pg8pip48g2r16c2,0,T132435,,99,99,0,,100% polyester
Cyberjammies,Modal Rich Pyjama Top,https://www.marksandspencer.com/modal-rich-pyjama-top/p/clp22557520#intid=pid_pg8pip48g2r17c1,4.5,T838020T,2,11,22,11,On sale,"95% modal, 5% elastane"
Seasalt Cornwall,Cotton Rich Floral Short Nightdress,https://www.marksandspencer.com/cotton-rich-floral-short-nightdress/p/clp22560465#intid=pid_pg8pip48g2r17c2,5,T838477T,2,45,45,0,,"96% cotton, 4% elastane"
DKNY,Jersey Logo Print Lounge Set,https://www.marksandspencer.com/jersey-logo-print-lounge-set/p/hbp22571620#intid=pid_pg8pip48g2r18c1,0,T132432,,85,85,0,,"95% polyester, 5% elastane"
DKNY,Satin City Print Long Chemise,https://www.marksandspencer.com/satin-city-print-long-chemise/p/hbp22571625#intid=pid_pg8pip48g2r18c2,0,T132436,,79,79,0,,100% polyester
DKNY,Satin City Print Long Robe,https://www.marksandspencer.com/satin-city-print-long-robe/p/hbp22571624#intid=pid_pg8pip48g2r19c1,0,T132437,,99,99,0,,100% polyester
DKNY,Fleece Herringbone Hooded Pyjama Set,https://www.marksandspencer.com/fleece-herringbone-hooded-pyjama-set/p/hbp22571622?color=PINK#intid=pid_pg8pip48g2r19c2,0,T132439,,89,89,0,,"96% polyester, 4% elastane"
DKNY,Cotton Rich Striped Logo Print Pyjama Set,https://www.marksandspencer.com/cotton-rich-striped-logo-print-pyjama-set/p/hbp22571623#intid=pid_pg8pip48g2r20c1,0,T132438,,99,99,0,,"57% cotton, 38% polyester and 5% elastane"
DKNY,Jersey Logo Print Short Nightshirt,https://www.marksandspencer.com/jersey-logo-print-short-nightshirt/p/hbp22571628#intid=pid_pg8pip48g2r20c2,0,T132433,,69,69,0,,"95% polyester, 5% elastane"
Cyberjammies,Cotton Modal Floral Print Pyjama Shorts,https://www.marksandspencer.com/cotton-modal-floral-print-pyjama-shorts/p/clp22557530#intid=pid_pg8pip48g2r21c1,4.75,T838031T,8,11,18,7,,"60% cotton, 40% modal"
Fantasie,Reflect Lace Trim Chemise,https://www.marksandspencer.com/reflect-lace-trim-chemise/p/hbp22542279#intid=pid_pg8pip48g2r21c2,4,T131644,4,52,52,0,,"73% polyamide, 27% elastane"
Elomi,Embroidered Lace Strappy Chemise,https://www.marksandspencer.com/embroidered-lace-strappy-chemise/p/hbp22559958?color=CREAM#intid=pid_pg8pip48g2r22c1,5,T133043,2,52,52,0,,"75% nylon/polyamide, 10% elastane, 9% polyester and 6% cotton"
DKNY,Jersey Strappy Logo Short Chemise,https://www.marksandspencer.com/jersey-strappy-logo-short-chemise/p/hbp22556039?color=GREYMIX#intid=pid_pg8pip48g2r22c2,3,T135072,2,69,69,0,,"57% cotton, 38% viscose and 5% elastane"
M&S Collection,2pk Cotton Rich Secret Support™ Vests,https://www.marksandspencer.com/secret-support-strapless-bra-vest/p/clp22391096?color=WHITEMIX#intid=pid_pg8pip48g2r23c1,4.02,T325079,311,22.5,22.5,0,,"91% cotton, 9% elastane lycra"
Body,2pk Flexifit™ Modal Rich Vests,https://www.marksandspencer.com/2pk-flexifit-vests/p/clp60533869?color=WHITEMIX#intid=pid_pg8pip48g2r23c2,4.52,T326867,279,20,20,0,,"91% modal, 9% elastane (exclusive of trimmings)"
M&S Collection,3pk Cotton Rich Strappy Vests,https://www.marksandspencer.com/3pk-cotton-rich-strappy-vests/p/clp60517829?color=ROSEQUARTZ#intid=pid_pg8pip48g2r24c1,4.5,T324533,822,10,10,0,,"95% cotton, 5% elastane lycraâ® (exclusive of trimmings)"
M&S Collection,3pk Cotton Rich Strappy Vests,https://www.marksandspencer.com/3pk-cotton-rich-strappy-vests/p/clp60517829?color=WHITE#intid=pid_pg8pip48g2r24c2,4.5,T324533,822,10,10,0,,"95% cotton, 5% elastane lycraâ® (exclusive of trimmings)"
M&S Collection,3pk Cotton Rich Lace Trim Vests,https://www.marksandspencer.com/3pk-cotton-rich-lace-trim-vests/p/clp60517833?color=SOFTPINK#intid=pid_pg9pip48g2r1c1,4.59,T324534,900,10,10,0,,"90% cotton, 6% elastane lycra® and 4% polyamide (exclusive of trimmings)"
Body,Cotton Rich Bra Vest Padded Cups,https://www.marksandspencer.com/cotton-rich-strappy-vest/p/clp60533890?color=WHITE#intid=pid_pg9pip48g2r1c2,3.87,T325089,142,18,18,0,,"88% cotton, 12% elastane (exclusive of trimmings), Cup lining (of a bra) - 100% polyester"
M&S Collection,2pk Secret Support™ Vest Fuller Bust,https://www.marksandspencer.com/ribbed-lace-trim-built-up-shoulder-vest/p/clp22369985#intid=pid_pg9pip48g2r2c1,3.94,T325099,101,20,20,0,,"95% cotton, 5% elastane (exclusive of trimmings)"
Body,2pk Flexifit™ Modal Rich Vests,https://www.marksandspencer.com/2pk-flexifit-vests/p/clp60533869?color=BLACK#intid=pid_pg9pip48g2r2c2,4.52,T326867,279,20,20,0,,"91% modal, 9% elastane (exclusive of trimmings)"
M&S Collection,3pk Cotton Rich Strappy Vests,https://www.marksandspencer.com/3pk-cotton-rich-strappy-vests/p/clp60517829?color=BLACK#intid=pid_pg9pip48g2r3c1,4.5,T324533,822,10,10,0,,"95% cotton, 5% elastane lycraâ® (exclusive of trimmings)"
M&S Collection,2pk Cotton Rich Secret Support™ Vests,https://www.marksandspencer.com/secret-support-strapless-bra-vest/p/clp22391096?color=GREYBLUE#intid=pid_pg9pip48g2r3c2,4.02,T325079,311,22.5,22.5,0,,"91% cotton, 9% elastane lycra"
M&S Collection,3pk Cotton Rich Lace Trim Vests,https://www.marksandspencer.com/3pk-cotton-rich-lace-trim-vests/p/clp60517833?color=WHITE#intid=pid_pg9pip48g2r4c1,4.59,T324534,900,10,10,0,,"90% cotton, 6% elastane lycra® and 4% polyamide (exclusive of trimmings)"
Body,Cotton Rich Bra Vest Padded Cups,https://www.marksandspencer.com/cotton-rich-strappy-vest/p/clp60533890?color=BLACK#intid=pid_pg9pip48g2r4c2,3.87,T325089,142,18,18,0,,"88% cotton, 12% elastane (exclusive of trimmings), Cup lining (of a bra) - 100% polyester"
M&S Collection,3pk Cotton Rich Strappy Vests,https://www.marksandspencer.com/3pk-cotton-rich-strappy-vests/p/clp60517829?color=FADEDBLUE#intid=pid_pg9pip48g2r5c1,4.5,T324533,822,10,10,0,,"95% cotton, 5% elastane lycraâ® (exclusive of trimmings)"
M&S Collection,3pk Cotton Rich Lace Trim Vests,https://www.marksandspencer.com/3pk-cotton-rich-lace-trim-vests/p/clp60517833?color=GREENMIX#intid=pid_pg9pip48g2r5c2,4.59,T324534,900,10,10,0,,"90% cotton, 6% elastane lycra® and 4% polyamide (exclusive of trimmings)"
M&S Collection,3pk Cotton Rich Lace Trim Vests,https://www.marksandspencer.com/3pk-cotton-rich-lace-trim-vests/p/clp60517833?color=PINKMIX#intid=pid_pg9pip48g2r6c1,4.59,T324534,900,10,10,0,,"90% cotton, 6% elastane lycra® and 4% polyamide (exclusive of trimmings)"
M&S Collection,3pk Cotton Rich Lace Trim Vests,https://www.marksandspencer.com/3pk-cotton-rich-lace-trim-vests/p/clp60517833?color=NAVYMIX#intid=pid_pg9pip48g2r6c2,4.59,T324534,900,10,10,0,,"90% cotton, 6% elastane lycra® and 4% polyamide (exclusive of trimmings)"
M&S Collection,2pk Cotton Rich Secret Support™ Vests,https://www.marksandspencer.com/secret-support-strapless-bra-vest/p/clp22391096?color=ANTIQUEROSE#intid=pid_pg9pip48g2r7c1,4.02,T325079,311,22.5,22.5,0,,"91% cotton, 9% elastane lycra"
M&S Collection,3pk Cotton Rich Strappy Vests,https://www.marksandspencer.com/3pk-cotton-rich-strappy-vests/p/clp60517829?color=COPPER#intid=pid_pg9pip48g2r7c2,4.5,T324533,822,10,10,0,,"95% cotton, 5% elastane lycraâ® (exclusive of trimmings)"
Body,2pk Flexifit™ Modal Rich Vests,https://www.marksandspencer.com/2pk-flexifit-vests/p/clp60533869?color=GREYMIX#intid=pid_pg9pip48g2r8c1,4.52,T326867,279,20,20,0,,"91% modal, 9% elastane (exclusive of trimmings)"
DKNY,Jersey Strappy Logo Short Chemise,https://www.marksandspencer.com/jersey-strappy-logo-short-chemise/p/hbp22556039?color=BLACKMIX#intid=pid_pg9pip48g2r8c2,3,T135072,2,69,69,0,,"57% cotton, 38% viscose and 5% elastane"
M&S Collection,2pk Cotton Rich Secret Support™ Vests,https://www.marksandspencer.com/2pk-cotton-rich-secret-support-vests/p/clp60542398#intid=pid_pg9pip48g2r9c1,3.53,T325098,103,20,20,0,,"72% cotton, 15% polyamide, 1% polyester and 12% elastane lycra® (exclusive of trimmings)"
M&S Collection,2pk Cotton Rich Secret Support™ Vests,https://www.marksandspencer.com/2pk-cotton-rich-secret-support-vests/p/clp60585047#intid=pid_pg9pip48g2r9c2,4.36,T325090,75,22.5,22.5,0,,"97% cotton, 3% elastane lycra® (exclusive of trimmings)"
M&S Collection,2pk Cool Comfort Vest,https://www.marksandspencer.com/grown-on-lace-vest-and-knickers-set/p/clp22416301?color=WHITE#intid=pid_pg9pip48g2r10c1,4.2,T327599,195,20,20,0,,"84% polyamide, 16% elastane (exclusive of trimmings)"
M&S Collection,2pk Cool Comfort Vest,https://www.marksandspencer.com/grown-on-lace-vest-and-knickers-set/p/clp22416301?color=ROSEQUARTZ#intid=pid_pg9pip48g2r10c2,4.2,T327599,195,20,20,0,,"84% polyamide, 16% elastane (exclusive of trimmings)"
Kate Spade,Jersey Flip Flop Print Shortie Set,https://www.marksandspencer.com/jersey-flip-flop-print-shortie-set/p/hbp22555860#intid=pid_pg9pip48g2r11c1,0,T131065,,39,89,50,On sale,"94% polyester, 6% elastane"
Kate Spade,Satin Striped Dragonfly Print Pyjama Set,https://www.marksandspencer.com/satin-striped-dragonfly-print-pyjama-set/p/hbp22555870#intid=pid_pg9pip48g2r11c2,0,T131075,,60,119,59,On sale,100% polyester
Kate Spade,Logo Shortie Set,https://www.marksandspencer.com/logo-shortie-set/p/hbp22555868#intid=pid_pg9pip48g2r12c1,0,T131073,,55,109,54,On sale,"97% viscose, 3% elastane"
Cyberjammies,Cotton Modal Floral Print Pyjama Top,https://www.marksandspencer.com/cotton-modal-floral-print-pyjama-top/p/clp22555075#intid=pid_pg9pip48g2r12c2,2,T839486S,1,19,26,7,On sale,"60% cotton, 40% modal"
Cyberjammies,Cotton Modal Petal Print Long Dressing Gown,https://www.marksandspencer.com/cotton-modal-petal-print-long-dressing-gown/p/clp22555051#intid=pid_pg9pip48g2r13c1,4.92,T838631S,12,35,49,14,On sale,"60% cotton, 40% modal"
Cyberjammies,Cotton Modal Petal Print Long Nightdress,https://www.marksandspencer.com/cotton-modal-leaf-print-long-nightdress/p/clp22555054#intid=pid_pg9pip48g2r13c2,4.33,T839559S,18,22,35,13,On sale,"60% cotton, 40% modal"
Cyberjammies,Cotton Modal Floral Short Chemise,https://www.marksandspencer.com/cotton-modal-floral-short-chemise/p/clp22557495#intid=pid_pg9pip48g2r14c1,4.87,T838005T,23,21,29,8,On sale,"60% cotton, 40 modal"
Cyberjammies,Modal Rich Lace Trim Long Dressing Gown,https://www.marksandspencer.com/modal-rich-lace-trim-long-dressing-gown/p/clp22559542#intid=pid_pg9pip48g2r14c2,3.33,T838389T,6,25,49,24,On sale,"95% modal, 5% elastane"
Cyberjammies,Cotton Modal Tile Print Short Dressing Gown,https://www.marksandspencer.com/cotton-modal-tile-print-short-dressing-gown/p/clp22557491#intid=pid_pg9pip48g2r15c1,4.55,T838001T,11,26,35,9,On sale,"60% cotton, 40% modal"
Cyberjammies,Supersoft Modal Rich Long Dressing Gown,https://www.marksandspencer.com/supersoft-modal-rich-long-dressing-gown/p/clp22555050#intid=pid_pg9pip48g2r15c2,3.67,T839587S,9,32,49,17,On sale,"95% modal, 5% elastine"
Cyberjammies,Cotton Modal Floral Pyjama Bottoms,https://www.marksandspencer.com/cotton-modal-floral-pyjama-bottoms/p/clp22555036#intid=pid_pg9pip48g2r16c1,4.58,T839504S,12,19,26,7,On sale,"60% cotton, 40% modal"
Kate Spade,Satin Striped Dragonfly Long Nightshirt,https://www.marksandspencer.com/satin-striped-dragonfly-long-nightshirt/p/hbp22555871#intid=pid_pg9pip48g2r16c2,4,T131076,2,42,99,57,On sale,100% polyester
Cyberjammies,Cotton Modal Flamingo Print Dressing Gown,https://www.marksandspencer.com/cotton-modal-flamingo-print-dressing-gown/p/clp22557493#intid=pid_pg9pip48g2r17c1,4.59,T838003T,17,26,35,9,On sale,"60% cotton, 40% modal"
Cyberjammies,Cotton Modal Wheat Print Pyjama Set,https://www.marksandspencer.com/cotton-modal-wheat-print-pyjama-set/p/clp22559532#intid=pid_pg9pip48g2r17c2,4.75,T838402T,4,25,50,25,On sale,"60% cotton, 40% modal"
Cyberjammies,Cotton Modal Tile Print Short Chemise,https://www.marksandspencer.com/cotton-modal-tile-print-short-chemise/p/clp22557496#intid=pid_pg9pip48g2r18c1,4.13,T838006T,16,15,29,14,On sale,"60% cotton, 40% modal"
DKNY,Cotton Blend Short Chemise,https://www.marksandspencer.com/cotton-blend-short-chemise/p/hbp22556021#intid=pid_pg9pip48g2r18c2,4.5,T135086,2,25,69,44,,"70% tencel, 30% cotton"
Cyberjammies,Cotton Modal Floral Long Dressing Gown,https://www.marksandspencer.com/cotton-modal-floral-long-dressing-gown/p/clp22555021#intid=pid_pg9pip48g2r19c1,4.42,T839478S,12,34,49,15,On sale,"60% cotton, 40% modal"
Cyberjammies,Cotton Modal Flamingo Cropped Pyjama Bottoms,https://www.marksandspencer.com/cotton-modal-flamingo-cropped-pyjama-bottoms/p/clp22557533#intid=pid_pg9pip48g2r19c2,4.84,T838034T,19,14,24,10,On sale,"60% cotton, 40% modal"
Cyberjammies,Cotton Modal Floral Short Chemise,https://www.marksandspencer.com/cotton-modal-floral-short-chemise/p/clp22557494#intid=pid_pg9pip48g2r20c1,4.79,T838004T,14,15,29,14,On sale,"60% cotton, 40% modal"
Cyberjammies,Modal Rich Lace Trim Short Nightdress,https://www.marksandspencer.com/modal-rich-lace-trim-short-nightdress/p/clp22559537#intid=pid_pg9pip48g2r20c2,4.67,T838398T,15,25,40,15,On sale,"95% modal, 5% elastane"
Cyberjammies,Modal Rich Pyjama Bottoms,https://www.marksandspencer.com/modal-rich-pyjama-bottoms/p/clp22555069#intid=pid_pg9pip48g2r21c1,4.7,T838792S,10,18,26,8,On sale,"95% modal, 5% elastane"
Cyberjammies,Cotton Modal Floral Pyjama Bottoms,https://www.marksandspencer.com/cotton-modal-floral-pyjama-bottoms/p/clp22557531#intid=pid_pg9pip48g2r21c2,4.25,T838029T,4,19,26,7,On sale,"60% cotton, 40% modal"
Cyberjammies,Modal Rich Lace Trim Short Nightdress,https://www.marksandspencer.com/modal-rich-lace-trim-short-nightdress/p/clp22559536#intid=pid_pg9pip48g2r22c1,4.43,T838397T,14,20,40,20,On sale,"95% modal, 5% elastane"
Nobody's Child,Pure Cotton Floral Strappy Long Chemise,https://www.marksandspencer.com/pure-cotton-floral-strappy-long-chemise/p/clp22564674#intid=pid_pg9pip48g2r22c2,5,T823556,4,14,45,31,On sale,100% organic cotton
Wacoal,Instant Icon Lace Strappy Chemise,https://www.marksandspencer.com/lace-strappy-chemise/p/hbp22547402?color=PINKMIX#intid=pid_pg9pip48g2r23c1,5,T134724,6,33,54,21,On sale,"82% nylon, 18% elastane"
Cyberjammies,Cotton Modal Printed Cropped Pyjama Bottoms,https://www.marksandspencer.com/cotton-modal-printed-cropped-pyjama-bottoms/p/clp22557522#intid=pid_pg9pip48g2r23c2,5,T838022T,15,13,24,11,On sale,"60% cotton, 40% modal"
Cyberjammies,Cotton Modal Floral Long Dressing Gown,https://www.marksandspencer.com/cotton-modal-floral-long-dressing-gown/p/clp22559541#intid=pid_pg9pip48g2r24c1,4.8,T838394T,10,25,49,24,On sale,"60% cotton, 40% modal"
Cyberjammies,Cotton Modal Floral Print Pyjama Top,https://www.marksandspencer.com/cotton-modal-floral-print-pyjama-top/p/clp22555048#intid=pid_pg9pip48g2r24c2,4.67,T839380S,6,13,26,13,On sale,"60% cotton, 40% modal"
Cyberjammies,Cotton Modal Floral Print Pyjama Bottoms,https://www.marksandspencer.com/cotton-modal-floral-print-pyjama-bottoms/p/clp22555072#intid=pid_pg10pip18g2r1c1,5,T839318S,3,18,26,8,On sale,"60% cotton, 40% modal"
Kate Spade,Pineapple Print Shortie Set,https://www.marksandspencer.com/pineapple-print-shortie-set/p/hbp22555861#intid=pid_pg10pip18g2r1c2,0,T131066,,62,89,27,On sale,"94% polyester, 6% elastane"
Cyberjammies,Cotton Modal Flamingo Pyjama Shorts,https://www.marksandspencer.com/cotton-modal-flamingo-pyjama-shorts/p/clp22557537#intid=pid_pg10pip18g2r2c1,4.67,T838037T,6,9,18,9,On sale,"60% cotton, 40% modal"
Cyberjammies,Cotton Rich Floral Print Long Nightdress,https://www.marksandspencer.com/cotton-rich-floral-print-long-nightdress/p/clp22555026#intid=pid_pg10pip18g2r2c2,4.37,T839069S,19,22,35,13,On sale,"60% cotton, 40% modal"
Kate Spade,Striped Beach Print Cropped Pyjama Set,https://www.marksandspencer.com/striped-beach-print-cropped-pyjama-set/p/hbp22555864#intid=pid_pg10pip18g2r3c1,0,T131069,,64,99,35,On sale,"94% polyester, 6% elastane"
Cyberjammies,Cotton Modal Flamingo Print Pyjama Top,https://www.marksandspencer.com/cotton-modal-flamingo-print-pyjama-top/p/clp22557532#intid=pid_pg10pip18g2r3c2,4.38,T838032T,8,12,24,12,On sale,"60% cotton, 40% modal"
Nobody's Child,Pure Cotton Floral Pyjama Set,https://www.marksandspencer.com/pure-cotton-floral-pyjama-set/p/clp22564670?color=GREENMIX#intid=pid_pg10pip18g2r4c1,4,T823552,5,18,59,41,On sale,100% organic cotton
Cyberjammies,Cotton Modal Wheat Print Short Nightdress,https://www.marksandspencer.com/cotton-modal-wheat-print-short-nightdress/p/clp22559538#intid=pid_pg10pip18g2r4c2,4.67,T838400T,9,18,35,17,On sale,"60% cotton, 40% modal"
Cyberjammies,Cotton Modal Floral Pyjama Shorts,https://www.marksandspencer.com/cotton-modal-floral-pyjama-shorts/p/clp22557519#intid=pid_pg10pip18g2r5c1,4.44,T838019T,9,9,18,9,On sale,"60% cotton, 40% modal"
Cyberjammies,Modal Rich Lace Trim Long Nightdress,https://www.marksandspencer.com/modal-rich-lace-trim-long-nightdress/p/clp22559535#intid=pid_pg10pip18g2r5c2,4.17,T838399T,12,20,40,20,On sale,"95% modal, 5% elastane"
Cyberjammies,Modal Rich Cap Sleeve Pyjama Top,https://www.marksandspencer.com/modal-rich-cap-sleeve-pyjama-top/p/clp22557526#intid=pid_pg10pip18g2r6c1,5,T838026T,4,16,22,6,On sale,"95% modal, 5% elastane"
Cyberjammies,Cotton Modal Pyjama Top,https://www.marksandspencer.com/cotton-modal-pyjama-top/p/clp22555076#intid=pid_pg10pip18g2r6c2,4.25,T839487S,4,12,22,10,On sale,"95% modal, 5% elastine"
Cyberjammies,Cotton Modal Floral Print Dressing Gown,https://www.marksandspencer.com/cotton-modal-floral-print-dressing-gown/p/clp22557490#intid=pid_pg10pip18g2r7c1,4.56,T838000T,9,26,35,9,On sale,"60% cotton, 40% modal"
DKNY,Cotton Rich Logo Pyjama Top,https://www.marksandspencer.com/cotton-rich-logo-pyjama-top/p/hbp22556036?color=BLACKMIX#intid=pid_pg10pip18g2r7c2,0,T135067,,25,49,24,On sale,"57% cotton, 38% viscose and 5% elastane"
Nobody's Child,Pure Cotton Floral Scallop Trim Shortie Set,https://www.marksandspencer.com/pure-cotton-floral-scallop-trim-shortie-set/p/clp22564672?color=GREENMIX#intid=pid_pg10pip18g2r8c1,2.5,T823554,2,18,59,41,On sale,100% organic cotton
Cyberjammies,Cotton Modal Floral Pyjama Top,https://www.marksandspencer.com/cotton-modal-floral-pyjama-top/p/clp22557507#intid=pid_pg10pip18g2r8c2,4,T838017T,5,18,24,6,On sale,"60% cotton, 40% modal"
Cyberjammies,Cotton Modal Floral Print Cami Top,https://www.marksandspencer.com/cotton-modal-floral-print-cami-top/p/clp22557518#intid=pid_pg10pip18g2r9c1,3.88,T838018T,8,9,18,9,On sale,"60% cotton, 40% modal"
DKNY,Leaf Print Long Chemise,https://www.marksandspencer.com/leaf-print-long-chemise/p/hbp22556017#intid=pid_pg10pip18g2r9c2,0,T135090,,63,89,26,On sale,100% viscose
