Company,Title,Average rating,Product Code,Reviews,Selling Price,Orginal Price,saved Price,Sales Status,Composition
FatFace,Fleece Ribbed Pyjama Bottoms,0.0,Product code: T835674W,,32.0,32.0,0.0,,"63% polyester, 34% viscose lenzing™ ecovero™ and 3% elastane"
FatFace,Cotton Rich Printed Cropped Pyjama Bottoms,0.0,Product code: T835675W,,32.5,32.5,0.0,,"95% cotton, 5% elastane"
FatFace,Cotton Modal Woodland Animal Pyjama Top,0.0,Product code: T835678W,,28.0,28.0,0.0,,"60% cotton, 40% modal"
FatFace,Waffle Funnel Neck Pyjama Top,0.0,Product code: T835673W,,36.5,36.5,0.0,,"63% polyester, 34% viscose lenzing™ ecovero™ and 3% elastane"
M&S Collection,Cotton Modal Pyjama Set,4.37,Product code: T371566J,687.0,30.0,30.0,0.0,,"50% cotton, 50% modal (exclusive of trimmings), Contains non-textile parts of animal origin"
Body,Body Soft™ Lace Detail Nightdress,4.5,Product code: T373257M,20.0,15.0,15.0,0.0,,"96% viscose, 4% elastane (exclusive of trimmings)"
Body,Body Soft™ Lace Trim Chemise,4.33,Product code: T375083C,15.0,25.0,25.0,0.0,,"96% viscose, 4% elastane (exclusive of trimmings)"
Body,Body Soft™ Lace Detail Nightdress,4.5,Product code: T373257M,20.0,15.0,15.0,0.0,,"96% viscose, 4% elastane (exclusive of trimmings)"
Boutique,Nova Lace Camisole Short Set,4.62,Product code: T817707C,45.0,20.8,26.0,5.2,,"Rose pink top - 84% polyester, 11% elastane and 5% polyamide (exclusive of trimmings), Rose pink bottom - 72% polyester, 18% polyamide and 10% elastane, Black top - 83% polyester, 11% elastane and 6% polyamide, Black bottom - 70% polyester, 19% polyamide and 11% elastane, Gusset (of underwear) - 100% cotton"
Body,Body Soft™ Lace Detail Pyjama Top,4.55,Product code: T373488T,11.0,10.0,10.0,0.0,,"96% viscose, 4% elastane (exclusive of trimmings)"
Body,Pure Cotton Dressing Gown,4.5,Product code: T372275G,384.0,36.0,36.0,0.0,,"100% cotton (exclusive of trimmings), With belt"
Body,Body Soft™ Lace Detail Pyjama Top,4.55,Product code: T373488T,11.0,10.0,10.0,0.0,,"96% viscose, 4% elastane (exclusive of trimmings)"
Body,Body Soft™ Lace Detail Pyjama Top,4.55,Product code: T373488T,11.0,10.0,10.0,0.0,,"96% viscose, 4% elastane (exclusive of trimmings)"
Body,Body Soft™ Lace Trim Pyjama Shorts,5.0,Product code: T373401S,7.0,10.0,10.0,0.0,,"96% viscose, 4% elastane (exclusive of trimmings)"
Boutique,Nova Lace Camisole Short Set,4.62,Product code: T817707C,45.0,20.8,26.0,5.2,,"Rose pink top - 84% polyester, 11% elastane and 5% polyamide (exclusive of trimmings), Rose pink bottom - 72% polyester, 18% polyamide and 10% elastane, Black top - 83% polyester, 11% elastane and 6% polyamide, Black bottom - 70% polyester, 19% polyamide and 11% elastane, Gusset (of underwear) - 100% cotton"
Body,Body Soft™ Lace Detail Short Dressing Gown,3.6,Product code: T378573W,10.0,25.0,25.0,0.0,,"96% viscose, 4% elastane (exclusive of trimmings)"
Body,Body Soft™ Lace Detail Pyjama Top,4.55,Product code: T373488T,11.0,10.0,10.0,0.0,,"96% viscose, 4% elastane (exclusive of trimmings)"
Body,Body Soft™ Lace Detail Cami Top,4.33,Product code: T373489T,6.0,15.0,15.0,0.0,,"96% viscose, 4% elastane (exclusive of trimmings)"
Body,Body Soft™ Lace Trim Pyjama Shorts,5.0,Product code: T373401S,7.0,10.0,10.0,0.0,,"96% viscose, 4% elastane (exclusive of trimmings)"
Body,Body Soft™ Lace Detail Lounge Joggers,4.7,Product code: T371648P,10.0,15.0,15.0,0.0,,"96% viscose, 4% elastane (exclusive of trimmings)"
Body,Body Soft™ Lace Detail Short Dressing Gown,3.6,Product code: T378573W,10.0,25.0,25.0,0.0,,"96% viscose, 4% elastane (exclusive of trimmings)"
Body,Body Soft™ Lace Trim Chemise,4.33,Product code: T375083C,15.0,25.0,25.0,0.0,,"96% viscose, 4% elastane (exclusive of trimmings)"
Body,Body Soft™ Lace Trim Pyjama Shorts,5.0,Product code: T373401S,7.0,10.0,10.0,0.0,,"96% viscose, 4% elastane (exclusive of trimmings)"
Body,Body Soft™ Lace Detail Short Dressing Gown,3.6,Product code: T378573W,10.0,25.0,25.0,0.0,,"96% viscose, 4% elastane (exclusive of trimmings)"
Body,Body Soft™ Lace Trim Pyjama Bottoms,4.4,Product code: T371647P,5.0,15.0,15.0,0.0,,"96% viscose, 4% elastane (exclusive of trimmings)"
Body,Body Soft™ Lace Trim Pyjama Shorts,5.0,Product code: T373401S,7.0,10.0,10.0,0.0,,"96% viscose, 4% elastane (exclusive of trimmings)"
Body,Body Soft™ Lace Detail Cami Top,4.33,Product code: T373489T,6.0,15.0,15.0,0.0,,"96% viscose, 4% elastane (exclusive of trimmings)"
FatFace,Velvet Pyjama Bottoms,0.0,Product code: T835699W,,34.5,34.5,0.0,,"75% cotton, 25% polyester"
Body,Body Soft™ Lace Detail Lounge Joggers,4.7,Product code: T371648P,10.0,15.0,15.0,0.0,,"96% viscose, 4% elastane (exclusive of trimmings)"
FatFace,Cotton Rich Velvet Funnel Neck Pyjama Top,5.0,Product code: T835679W,1.0,36.5,36.5,0.0,,"75% cotton, 25% polyester"
M&S Collection,Teddy Borg Hooded Cardigan,4.33,Product code: T372427G,114.0,25.0,25.0,0.0,,"100% polyester (exclusive of trimmings), Ribbing - 95% cotton, 5% elastane"
Body,Body Soft™ Lace Trim Pyjama Bottoms,4.4,Product code: T371647P,5.0,15.0,15.0,0.0,,"96% viscose, 4% elastane (exclusive of trimmings)"
Autograph,Lexington Lace Cami Set,4.0,Product code: T815034C,6.0,35.0,35.0,0.0,,"Top - 77% polyester, 19% polyamide and 4% elastane (exclusive of trimmings), Bottom - 100% polyester, Gusset (of underwear) - 100% cotton"
M&S Collection,Cat Print Short Nightdress,3.75,Product code: T373268M,8.0,15.0,15.0,0.0,,"50% modal, 50% cotton (exclsuive of trimmings)"
Body,Body Soft™ Lace Trim Chemise,4.33,Product code: T375083C,15.0,25.0,25.0,0.0,,"96% viscose, 4% elastane (exclusive of trimmings)"
FatFace,Fleece Longline Hoodie,0.0,Product code: T835458W,,46.5,46.5,0.0,,100% polyester
M&S Collection,Teddy Borg Hooded Cardigan,4.33,Product code: T372427G,114.0,25.0,25.0,0.0,,"100% polyester (exclusive of trimmings), Ribbing - 95% cotton, 5% elastane"
Body,Checked Short Nightshirt,3.0,Product code: T373264M,1.0,20.0,20.0,0.0,,100% cotton (exclusive of trimmings)
M&S Collection,Teddy Borg Hooded Cardigan,4.33,Product code: T372427G,114.0,25.0,25.0,0.0,,"100% polyester (exclusive of trimmings), Ribbing - 95% cotton, 5% elastane"
Body,Star Print Short Nightdress,0.0,Product code: T373265M,,15.0,15.0,0.0,,"50% cotton, 50% modal (exclusive of trimmings)"
M&S Collection,Dream Satin™ Heart Print Pyjama Set,0.0,Product code: T371402J,,30.0,30.0,0.0,,100% polyester (exclusive of trimmings)
M&S Collection,Fleece Checked Pyjama Set,0.0,Product code: T374546F,,18.0,18.0,0.0,,100% polyester (exclusive of trimmings)
M&S Collection,Fleece Heart Print Pyjama Set,0.0,Product code: T374543F,,18.0,18.0,0.0,,100% polyester (exclusive of trimmings)
M&S Collection,Fleece Star Print Pyjama Set,5.0,Product code: T374544F,1.0,18.0,18.0,0.0,,100% polyester (exclusive of trimmings)
M&S Collection,Fleece Checked Pyjama Set,0.0,Product code: T374545F,,18.0,18.0,0.0,,100% polyester (exclusive of trimmings)
M&S Collection,Fleece Ribbed Short Dressing Gown,5.0,Product code: T372456G,1.0,18.0,18.0,0.0,,100% polyester (exclusive of trimmings)
M&S Collection,Fleece Heart Print Lounge Hoodie,0.0,Product code: T372464G,,22.0,22.0,0.0,,100% polyester (exclusive of trimmings)
M&S Collection,Borg Half Zip Hoodie,5.0,Product code: T372481G,2.0,28.0,28.0,0.0,,"100% polyester (exclusive of trimmings), Pocketing (pocket fabric composition) - 100% polyester"
M&S Collection,Fleece Animal Print Short Dressing Gown,0.0,Product code: T372455G,,18.0,18.0,0.0,,100% polyester (exclusive of trimmings)
M&S Collection,Dream Satin™ Star Print Pyjama Set,0.0,Product code: T371401J,,30.0,30.0,0.0,,100% polyester (exclusive of trimmings)
Body,2pk Pyjama Bottoms,4.75,Product code: T371645P,4.0,25.0,25.0,0.0,,100% cotton (exclusive of trimmings)
M&S Collection,Dream Satin™ Star Print Pyjama Set,0.0,Product code: T371403J,,28.0,28.0,0.0,,100% polyester
M&S Collection,Cotton Blend Fairisle Waffle Pyjama Set,0.0,Product code: T371432J,,25.0,25.0,0.0,,"50% cotton, 50% polyester (exclusive of trimmings)"
M&S Collection,Pure Cotton Checked Pyjama Set,0.0,Product code: T371395J,,30.0,30.0,0.0,,100% cotton (exclusive of trimmings)
FatFace,Pure Cotton Bird Print Pyjama Set,0.0,Product code: T835456W,,55.0,55.0,0.0,,100% cotton
M&S Collection,Cotton Rich Floral Pyjama Set,4.61,Product code: T371348J,18.0,22.0,22.0,0.0,,"Top - 92% cotton, 8% elastane (exclusive of trimmings), Bottom - 100% cotton"
M&S Collection,Cotton Rich Checked Pyjama Set,4.5,Product code: T371362J,4.0,22.0,22.0,0.0,,"Top - 92% cotton, 8% elastane (exclusive of trimmings), Bottom - 100% cotton"
M&S Collection,Pure Cotton Snoopy™ Shortie Set,4.38,Product code: T371289J,8.0,18.0,18.0,0.0,,100% cotton (exclusive of trimmings)
Body,Pure Cotton Short Nightshirt,5.0,Product code: T373263M,1.0,20.0,20.0,0.0,,100% cotton (exclusive of trimmings)
M&S Collection,Snoopy™ Nightdress,4.33,Product code: T373269M,3.0,16.0,16.0,0.0,,"50% cotton, 50% modal (exclusive of trimmings)"
Body,Pure Cotton Towelling Dressing Gown,4.22,Product code: T372441G,96.0,36.0,36.0,0.0,,"100% cotton (exclusive of trimmings), With belt"
M&S Collection,Waffle Pyjama Top,5.0,Product code: T373483T,1.0,14.0,14.0,0.0,,"52% viscose, 47% polyester and 1% elastane (exclusive of trimmings)"
M&S Collection,Fleece Star Print Pyjama Set,0.0,Product code: T374547F,,18.0,18.0,0.0,,100% polyester (exclusive of trimmings)
M&S Collection,Dream Satin™ Heart Chemise,5.0,Product code: T375095C,1.0,25.0,25.0,0.0,,100% polyester (exclusive of trimmings)
M&S Collection,Fleece Star Print Pyjama Set,0.0,Product code: T374542F,,18.0,18.0,0.0,,100% polyester (exclusive of trimmings)
Rosie,Fleece Hooded Long Dressing Gown,4.53,Product code: T372432G,97.0,45.0,45.0,0.0,,100% polyester (exclusive of trimmings)
M&S Collection,Cotton Modal Long Nightdress,4.65,Product code: T376202N,406.0,18.0,18.0,0.0,,"50% cotton, 50% modal (exclusive of trimmings)"
M&S Collection,Star Chemise,4.61,Product code: T375094C,31.0,10.0,10.0,0.0,,"50% cotton, 50% modal (exclusive of trimmings)"
M&S Collection,Pure Cotton Broderie Trim Long Nightdress,4.45,Product code: T376134N,520.0,18.0,18.0,0.0,,100% cotton (exclusive of trimmings)
Body,Cotton Modal Star Print Pyjama Set,3.33,Product code: T371360J,12.0,18.0,18.0,0.0,,"50% cotton, 50% modal (exclusive of trimmings)"
M&S Collection,Pure Cotton Floral Pyjama Set,4.92,Product code: T374560F,13.0,15.0,15.0,0.0,,100% cotton (exclusive of trimmings)
M&S Collection,Pure Cotton Star Print Pyjama Set,4.64,Product code: T374567F,14.0,15.0,15.0,0.0,,100% cotton (exclusive of trimmings)
M&S Collection,Cotton Rich Polka Dot Cropped Pyjama Set,4.84,Product code: T374566F,25.0,15.0,15.0,0.0,,"90% cotton, 10% viscose (exclusive of trimmings)"
M&S Collection,Pure Cotton Floral Pyjama Set,4.79,Product code: T374508F,28.0,15.0,15.0,0.0,,100% cotton (exclusive of trimmings)
M&S Collection,Pure Cotton Checked Pyjama Set,4.5,Product code: T374554F,16.0,15.0,15.0,0.0,,100% cotton (exclusive of trimmings)
M&S Collection,Pure Cotton Broderie Trim Long Nightdress,4.44,Product code: T376133N,522.0,18.0,18.0,0.0,,100% cotton (exclusive of trimmings)
M&S Collection,Cotton Rich Heart Print Pyjama Set,4.5,Product code: T374562F,14.0,15.0,15.0,0.0,,"60% cotton, 40% polyester (exclusive of trimmings)"
M&S Collection,Cotton Rich Fox Print Cuffed Hem Pyjama Set,4.6,Product code: T371352J,5.0,18.0,18.0,0.0,,"Top - 100% cotton (exclusive of trimmings), Bottom - 98% cotton, 2% viscose"
M&S Collection,Pure Cotton Floral Shortie Pyjama Set,4.5,Product code: T374526F,36.0,12.0,12.0,0.0,,100% cotton (exclusive of trimmings)
M&S Collection,Pure Cotton Animal Print Pyjama Set,4.57,Product code: T374559F,14.0,15.0,15.0,0.0,,100% cotton (exclusive of trimmings)
M&S Collection,Waffle Wide Leg Pyjama Bottoms,4.5,Product code: T371639P,2.0,18.0,18.0,0.0,,"52% viscose, 47% polyester and 1% elastane (exclusive of trimmings)"
M&S Collection,Pure Cotton Striped Heart Print Pyjama Set,4.7,Product code: T374517F,89.0,15.0,15.0,0.0,,100% cotton (exclusive of trimmings)
M&S Collection,Cosy Lounge Waffle Joggers,5.0,Product code: T371640P,2.0,18.0,18.0,0.0,,"52% viscose, 47% polyester and 1% elastane (exclusive of trimmings)"
M&S Collection,Fleece Star Print Lounge Hoodie,0.0,Product code: T372465G,,22.0,22.0,0.0,,100% polyester (exclusive of trimmings)
M&S Collection,Cotton Modal Short Nightdress,4.55,Product code: T373216M,159.0,15.0,15.0,0.0,,"50% cotton, 50% modal (exclusive of trimmings)"
M&S Collection,Pure Cotton Broderie Long Dressing Gown,4.42,Product code: T378569W,99.0,22.0,22.0,0.0,,100% cotton (exclusive of trimmings)
M&S Collection,Chemise,4.43,Product code: T375093C,30.0,10.0,10.0,0.0,,"50% cotton, 50% modal (exclusive of trimmings)"
M&S Collection,Pure Cotton Winter Animals Pyjama Set,4.5,Product code: T374568F,6.0,15.0,15.0,0.0,,100% cotton (exclusive of trimmings)
M&S Collection,Pure Cotton Star Print Pyjama Set,4.45,Product code: T374486F,159.0,15.0,15.0,0.0,,100% cotton (exclusive of trimmings)
Body,Pure Cotton Revere Collar Pyjama Set,4.5,Product code: T371137J,454.0,35.0,35.0,0.0,,100% cotton (exclusive of trimmings)
Body,2pk Pyjama Bottoms,4.69,Product code: T371642P,16.0,25.0,25.0,0.0,,100% cotton (exclusive of trimmings)
M&S Collection,Pure Cotton Checked Pyjama Set,4.33,Product code: T374556F,6.0,15.0,15.0,0.0,,100% cotton (exclusive of trimmings)
M&S Collection,Pure Cotton Floral Pyjama Set,4.57,Product code: T371350J,7.0,30.0,30.0,0.0,,100% cotton (exclusive of trimmings)
M&S Collection,2pk Pure Cotton Printed Short Nightdresses,4.64,Product code: T373224M,14.0,22.0,22.0,0.0,,100% cotton (exclusive of trimmings)
M&S Collection,Fleece Hooded Dressing Gown,4.46,Product code: T372314G,638.0,30.0,30.0,0.0,,100% polyester (exclusive of trimmings)
M&S Collection,Cotton Rich Checked Pyjama Set,4.35,Product code: T374513F,52.0,15.0,15.0,0.0,,"90% cotton, 10% viscose (exclusive of trimmings)"
M&S Collection,Pure Cotton Checked Pyjama Set,5.0,Product code: T374557F,1.0,15.0,15.0,0.0,,100% cotton (exclusive of trimmings)
M&S Collection,Cotton Rich Checked Pyjama Set,4.35,Product code: T374513F,52.0,15.0,15.0,0.0,,"90% cotton, 10% viscose (exclusive of trimmings)"
M&S Collection,Cotton Rich Cat Print Pyjama Set,4.42,Product code: T371287J,12.0,18.0,18.0,0.0,,"60% cotton, 40% polyester (exclusive of trimmings)"
Body,Pure Cotton Jersey Waffle Dressing Gown,4.37,Product code: T372397G,75.0,25.0,25.0,0.0,,100% cotton (exclusive of trimmings)
M&S Collection,Fleece Animal Print Long Dressing Gown,5.0,Product code: T372462G,9.0,30.0,30.0,0.0,,100% polyester (exclusive of trimmings)
M&S Collection,Cotton Rich Sparkle Slogan Pyjama Set,5.0,Product code: T374565F,1.0,15.0,15.0,0.0,,"Top - 100% cotton (exclusive of trimmings), Bottom - 60% cotton, 40% polyester"
M&S Collection,2pk Pure Cotton Printed Long Nightdresses,4.43,Product code: T376171N,81.0,26.0,26.0,0.0,,100% cotton (exclusive of trimmings)
M&S Collection,Waffle Pyjama Top,5.0,Product code: T373484T,2.0,16.0,16.0,0.0,,"52% viscose, 47% polyester and 1% elastane (exclusive of trimmings)"
M&S Collection,Fleece Hooded Long Dressing Gown,4.45,Product code: T372395G,275.0,30.0,30.0,0.0,,100% polyester (exclusive of trimmings)
Body,Pure Cotton Muslin Revere Nightshirt,4.28,Product code: T373173M,162.0,22.0,22.0,0.0,,100% cotton (exclusive of trimmings)
M&S Collection,Dream Satin™ Giraffe Print Shortie Set,3.31,Product code: T371355J,16.0,25.0,25.0,0.0,,100% polyester (exclusive of trimmings)
M&S Collection,Cosy Lounge Waffle Joggers,3.67,Product code: T371641P,3.0,18.0,18.0,0.0,,"52% viscose, 47% polyester and 1% elastane (exclusive of trimmings)"
M&S Collection,Dream Satin™ Giraffe Print Long Chemise,4.38,Product code: T375084C,8.0,25.0,25.0,0.0,,100% polyester (exclusive of trimmings)
M&S Collection,Pure Cotton Leopard Shortie Set,4.48,Product code: T374524F,66.0,12.0,12.0,0.0,,100% cotton (exclusive of trimmings)
Body,Pure Cotton Star Print Pyjama Set,5.0,Product code: T371357J,2.0,30.0,30.0,0.0,,100% cotton (exclusive of trimmings)
M&S Collection,Printed Nightdress,4.8,Product code: T373262M,5.0,15.0,15.0,0.0,,"50% cotton, 50% modal (exclusive of trimmings)"
M&S Collection,Striped Shortie Set,4.8,Product code: T371391J,5.0,25.0,25.0,0.0,,"50% cotton, 50% modal (exclusive of trimmings)"
M&S Collection,Star Print Short Wrap,4.83,Product code: T378583W,6.0,25.0,25.0,0.0,,"50% cotton, 50% modal (exclusive of trimmings)"
M&S Collection,Waffle Pyjama Shorts,0.0,Product code: T373400S,,14.0,14.0,0.0,,"52% viscose, 47% polyester and 1% elastane (exclusive of trimmings)"
M&S Collection,Pure Cotton Good Night Slogan Pyjama Set,5.0,Product code: T374563F,2.0,15.0,15.0,0.0,,100% cotton (exclusive of trimmings)
M&S Collection,Cotton Rich Relax Slogan Pyjama Set,5.0,Product code: T374550F,4.0,15.0,15.0,0.0,,"Top - 100% cotton (exclusive of trimmings), Bottom - 60% cotton, 40% polyester"
M&S Collection,Animal Print Pyjama Bottoms,4.33,Product code: T371665P,9.0,14.0,14.0,0.0,,"50% cotton, 50% modal (exclusive of trimmings)"
M&S Collection,Waffle Pyjama Top,5.0,Product code: T373486T,2.0,16.0,16.0,0.0,,"52% viscose, 47% polyester and 1% elastane (exclusive of trimmings)"
M&S Collection,Short Dressing Gown,5.0,Product code: T378584W,4.0,25.0,25.0,0.0,,"50% cotton, 50% modal (exclusive of trimmings)"
M&S Collection,Pure Cotton Palm Tree Shortie Set,4.3,Product code: T374527F,23.0,12.0,12.0,0.0,,100% cotton (exclusive of trimmings)
Rosie,Laylani Silk & Lace Floral Cami,4.75,Product code: T816459C,12.0,40.0,40.0,0.0,,"66% silk, 30% polyamide and 4% elastane"
Cyberjammies,Cotton Modal Floral Long Dressing Gown,5.0,Product code: T838319,1.0,49.0,49.0,0.0,,"60% cotton, 40% modal"
M&S Collection,Animal Print Pyjama Bottoms,4.86,Product code: T371666P,7.0,14.0,14.0,0.0,,"50% cotton, 50% modal (exclusive of trimmings)"
M&S Collection,Animal Print Nightdress,4.0,Product code: T373283M,2.0,15.0,15.0,0.0,,"50% cotton, 50% modal (exclusive of trimmings)"
M&S Collection,Pure Cotton Snoopy™ Polka Dot Pyjama Set,4.9,Product code: T371282J,10.0,32.0,32.0,0.0,,100% cotton (exclusive of trimmings)
M&S Collection,Cotton Rich Cat Shortie Set,3.38,Product code: T371290J,8.0,16.0,16.0,0.0,,"Top - cotton (exclusive of trimmings), Bottom - 60% cotton, 40% polyester"
Body,Pure Cotton Checked Pyjama Set,4.25,Product code: T371364J,4.0,30.0,30.0,0.0,,100% cotton (exclusive of trimmings)
M&S Collection,Personalised Women's Revere Pyjama Set,4.27,Product code: T049683P,167.0,35.0,35.0,0.0,,100% cotton (exclusive of trimmings)
M&S Collection,Dreamer Slogan Nightdress,4.0,Product code: T373280M,2.0,15.0,15.0,0.0,,"50% cotton, 50% modal (exclusive of trimmings)"
M&S Collection,Dream Satin™ Giraffe Print Pyjama Set,5.0,Product code: T371367J,2.0,40.0,40.0,0.0,,100% polyester (exclusive of trimmings)
M&S Collection,Cotton Rich Dreamer Slogan Pyjama Set,4.0,Product code: T371361J,1.0,18.0,18.0,0.0,,"Top - 99% cotton, 1% viscose (exclusive of trimmings), Bottom - 100% cotton"
M&S X GHOST,Floral Print Long Kimono Robe,4.04,Product code: T375704Z,23.0,40.0,40.0,0.0,,100% viscose (exclusive of trimmings)
M&S Collection,Slogan Pyjama Top,4.0,Product code: T373507T,1.0,12.0,12.0,0.0,,"50% cotton, 50% modal (exclusive of trimmings)"
Body,Ribbed Pyjama Top,0.0,Product code: T373485T,,10.0,10.0,0.0,,"52% cotton, 48% modal (exclusive of trimmings)"
M&S X GHOST,Floral Print Chemise,4.41,Product code: T376602Z,17.0,35.0,35.0,0.0,,100% viscose (exclusive of trimmings)
Rosie,Satin Chemise,3.55,Product code: T376622Q,11.0,32.0,32.0,0.0,,100% polyester (exclusive of trimmings)
M&S Collection,Cotton Modal Revere Pyjama,4.61,Product code: T371239J,64.0,30.0,30.0,0.0,,"50% cotton, 50% modal (exclusive of trimmings), Contains non-textile parts of animal origin"
M&S Collection,Pure Cotton Checked Shortie Set,5.0,Product code: T371349J,1.0,25.0,25.0,0.0,,100% cotton (exclusive of trimmings)
M&S Collection,Dream Satin™ Giraffe Print Pyjama Set,4.5,Product code: T371315J,8.0,28.0,28.0,0.0,,100% polyester (exclusive of trimmings)
M&S Collection,Satin Giraffe Print Pyjama Set,4.0,Product code: T371368J,6.0,28.0,28.0,0.0,,100% polyester (exclusive of trimmings)
M&S Collection,Pure Cotton Palm Print Shortie Set,4.21,Product code: T374525F,14.0,12.0,12.0,0.0,,100% cotton (exclusive of trimmings)
M&S Collection,Dream Satin™ Giraffe Print Shortie Set,4.2,Product code: T371389J,5.0,25.0,25.0,0.0,,100% polyester (exclusive of trimmings)
Body,Ribbed Pyjama Top,3.25,Product code: T373487T,4.0,10.0,10.0,0.0,,"52% cotton, 48% modal (exclusive of trimmings)"
M&S Collection,Pure Cotton Snoopy™ Shortie Set,5.0,Product code: T371442J,2.0,25.0,25.0,0.0,,100% cotton (exclusive of trimmings)
M&S Collection,Stripe Chemise,4.58,Product code: T375091C,12.0,15.0,15.0,0.0,,"50% cotton, 50% modal (exclusive of trimmings)"
M&S Collection,Cotton Rich Leaf Shortie Set,4.17,Product code: T374534F,12.0,12.0,12.0,0.0,,"Top - 95% cotton, 5% viscose (exclusive of trimmings), Bottom - 100% cotton"
M&S Collection,Striped Slogan Nightdress,0.0,Product code: T373282M,,15.0,15.0,0.0,,"50% cotton, 50% modal (exclusive of trimmings)"
Rosie,Laylani Silk & Lace French Knickers,4.92,Product code: T816459V,12.0,26.0,26.0,0.0,,"75% silk, 22% polyamide and 3% elastane (exclusive of trimmings), Gusset (of underwear) - 100% cotton"
M&S X GHOST,Floral Print Long Kimono Robe,4.0,Product code: T375705Z,15.0,40.0,40.0,0.0,,100% viscose (exclusive of trimmings)
M&S Collection,Personalised Hooded Fleece Long Dressing Gown,4.45,Product code: T049643P,275.0,39.5,39.5,0.0,,100% polyester (exclusive of trimmings)
Rosie,Satin Shortie Set,3.85,Product code: T376971Q,13.0,35.0,35.0,0.0,,100% polyester (exclusive of trimmings)
Percy Pig™,Personalised Women's Percy Pig™ Pyjamas,4.46,Product code: T049693P,139.0,35.0,35.0,0.0,,100% cotton (exclusive of trimmings)
M&S X GHOST,Floral Print Chemise,4.71,Product code: T376601Z,7.0,35.0,35.0,0.0,,100% viscose (exclusive of trimmings)
Boutique,Evaline Embroidery Cami Set,0.0,Product code: T817769C,,28.0,28.0,0.0,,"92% polyester, 8% elastane (exclusive of trimmings), Gusset (of underwear) - 100% cotton"
M&S Collection,Pure Cotton Checked Shortie Set,4.69,Product code: T374533F,13.0,12.0,12.0,0.0,,100% cotton (exclusive of trimmings)
M&S Collection,Animal Print Short,4.0,Product code: T373404S,3.0,10.0,10.0,0.0,,"50% cotton, 50% modal (exclusive of trimmings)"
M&S Collection,C'est La Vie Slogan Pyjama Top,5.0,Product code: T373506T,3.0,12.0,12.0,0.0,,"50% cotton, 50% modal (exclusive of trimmings)"
M&S Collection,Personalised Women's Muslin Pyjama Set,4.5,Product code: T049844P,454.0,39.5,39.5,0.0,,100% cotton (exclusive of trimmings)
M&S X GHOST,Floral Print Pyjama Bottoms,3.63,Product code: T376904Z,8.0,22.0,22.0,0.0,,100% viscose (exclusive of trimmings)
Rosie,Satin Short Wrap,2.75,Product code: T375740Q,4.0,38.0,38.0,0.0,,100% polyester (exclusive of trimmings)
M&S X GHOST,Floral Print Pyjama Bottoms,4.36,Product code: T376903Z,11.0,22.0,22.0,0.0,,100% viscose (exclusive of trimmings)
M&S Collection,Personalised Women's Family Checked Pyjamas Set,4.21,Product code: T049694P,127.0,35.0,35.0,0.0,,100% cotton (exclusive of trimmings)
M&S Collection,Satin Floral Print Short Chemise,1.0,Product code: T375035X,1.0,25.0,25.0,0.0,,100% polyester (exclusive of trimmings)
M&S X GHOST,Floral Print Revere Collar Pyjama Top,4.0,Product code: T373404Z,1.0,22.0,22.0,0.0,,100% viscose (exclusive of trimmings)
Body,Personalised Women's Pyjama Set,4.15,Product code: T049686P,118.0,35.0,35.0,0.0,,100% cotton (exclusive of trimmings)
M&S X GHOST,Floral Print Pyjama Bottoms,4.2,Product code: T376905Z,10.0,22.0,22.0,0.0,,100% viscose (exclusive of trimmings)
M&S Collection,Personalised Women's Fleece Hooded Dressing Gown,4.72,Product code: T049691P,303.0,39.5,39.5,0.0,,100% polyester (exclusive of trimmings)
M&S X GHOST,Floral Print Pyjama Shorts,4.37,Product code: T376902Z,19.0,18.0,18.0,0.0,,100% viscose (exclusive of trimmings)
M&S Collection,Bonjour Slogan Vest,5.0,Product code: T373508T,2.0,10.0,10.0,0.0,,"50% cotton, 50% modal (exclusive of trimmings)"
M&S Collection,Personalised Women's Cotton Modal Shortie Set,4.55,Product code: T049788P,22.0,32.5,32.5,0.0,,"50% cotton, 50% modal (exclusive of trimmings), Contains non-textile parts of animal origin"
M&S X GHOST,Floral Print Long Kimono Robe,4.36,Product code: T375703Z,11.0,40.0,40.0,0.0,,100% viscose (exclusive of trimmings)
M&S Collection,Personalised Women's Dressing Gown,3.58,Product code: T049856P,24.0,35.0,35.0,0.0,,100% cotton (exclusive of trimmings);With belt
M&S Collection,Personalised Women's Cotton Modal Short Nightshirt,4.45,Product code: T049786P,40.0,28.0,28.0,0.0,,"50% cotton, 50% modal (exclusive of trimmings), Contains non-textile parts of animal origin"
M&S X GHOST,Floral Print Chemise,4.29,Product code: T376600Z,7.0,35.0,35.0,0.0,,100% viscose (exclusive of trimmings)
M&S X GHOST,Floral Print Pyjama Shorts,4.8,Product code: T376900Z,5.0,18.0,18.0,0.0,,100% viscose (exclusive of trimmings)
M&S Collection,Personalised Women's Cotton Modal Short Dressing Gown,3.97,Product code: T049787P,38.0,30.0,30.0,0.0,,"50% cotton, 50% modal (exclusive of trimmings)"
M&S X GHOST,Floral Print Pyjama Shorts,3.75,Product code: T376901Z,4.0,18.0,18.0,0.0,,100% viscose (exclusive of trimmings)
M&S X GHOST,Floral Print Revere Collar Pyjama Top,4.33,Product code: T373403Z,3.0,22.0,22.0,0.0,,100% vicose (exclusive of trimmings)
Rosie,Silk & Lace French Knickers,4.31,Product code: T816380V,48.0,25.0,25.0,0.0,,"78% silk, 19% polyamide and 3% elastane, Gusset (of underwear) - 100% cotton, (exclusive of trimmings)"
M&S Collection,Personalised Women's Revere Nightshirt,4.2,Product code: T049681P,56.0,27.5,27.5,0.0,,100% cotton (exclusive of trimmings)
M&S Collection,Personalised Women's Revere Shortie Set,4.31,Product code: T049644P,197.0,32.5,32.5,0.0,,"50% cotton, 50% modal (exclusive of trimmings), Contains non-textile parts of animal origin"
M&S Collection,Personalised Women's Cotton Modal Pyjamas,3.89,Product code: T049862P,19.0,37.5,37.5,0.0,,"50% cotton, 50% modal (exclusive of trimmings), Contains non-textile parts of animal origin"
M&S X GHOST,Floral Print Pyjama Top,4.38,Product code: T373400Z,8.0,18.0,18.0,0.0,,100% viscose (exclusive of trimmings)
Rosie,Silk & Lace Trim Camisole,4.62,Product code: T816380C,133.0,39.5,39.5,0.0,,"89% silk, 10% polyamide and 1% elastane, (exclusive of trimmings)"
M&S X GHOST,Floral Print Cami Top,4.0,Product code: T373407Z,4.0,16.0,16.0,0.0,,100% viscose (exclusive of trimmings)
Cyberjammies,Cotton Modal Geometric Print Long Nightdress,5.0,Product code: T838122,11.0,35.0,35.0,0.0,,"60% cotton, 40% modal"
M&S X GHOST,Floral Print Pyjama Top,3.78,Product code: T373402Z,9.0,18.0,18.0,0.0,,100% viscose (exclusive of trimmings)
M&S Collection,Polka Dot Lace Trim Chemise,4.13,Product code: T375079C,15.0,12.0,12.0,0.0,,"65% viscose, 35% polyester (exclusive of trimmings)"
Cyberjammies,Modal Rich Lace Trim Long Nightdress,4.5,Product code: T838264,2.0,40.0,40.0,0.0,,"95% modal, 5% elastane"
Fantasie,Aubree Strappy Lace Chemise,4.75,Product code: T131645,4.0,57.0,57.0,0.0,,"70% polyamide, 23% elastane and 7% polyester"
M&S Collection,Lace Trim Chemise,5.0,Product code: T375078C,7.0,12.0,12.0,0.0,,"65% viscose, 35% polyester (exclusive of trimmings)"
M&S Collection,Personalised Women's Revere Nightdress,4.28,Product code: T049695P,162.0,30.0,30.0,0.0,,100% cotton (exclusive of trimmings)
M&S X GHOST,Floral Print Pyjama Top,4.29,Product code: T373401Z,7.0,18.0,18.0,0.0,,100% viscose (exclusive of trimmings)
Cyberjammies,Cotton Rich Ditsy Floral Short Chemise,4.2,Product code: T838134,5.0,29.0,29.0,0.0,,"60% cotton, 40% modal"
Cyberjammies,Modal Rich Cuffed Hem Pyjama Bottoms,4.0,Product code: T838163,4.0,26.0,26.0,0.0,,"95% modal, 5% elastane"
M&S X GHOST,Floral Print Cami Top,4.0,Product code: T373406Z,4.0,16.0,16.0,0.0,,100% viscose (exclusive of trimmings)
M&S X GHOST,Floral Print Revere Collar Pyjama Top,3.0,Product code: T373405Z,2.0,22.0,22.0,0.0,,100% viscose (exclusive of trimmings)
Cyberjammies,Modal Rich Long Dressing Gown,4.5,Product code: T838119,2.0,49.0,49.0,0.0,,"95% modal, 5% elastane"
Cyberjammies,Lace Long Nightdress,5.0,Product code: T838238,3.0,40.0,40.0,0.0,,"95% modal, 5% elastane"
Cyberjammies,Cotton Modal Geometric Long Dressing Gown,5.0,Product code: T838116,3.0,49.0,49.0,0.0,,"60% cotton, 40% modal"
Cyberjammies,Cotton Modal Broderie Cami Top,4.0,Product code: T838048,3.0,22.0,22.0,0.0,,"60% cotton, 40% modal"
Cyberjammies,Modal Rich Lace Trim Nightdress,5.0,Product code: T838263,1.0,40.0,40.0,0.0,,"95% modal, 5% elastane"
Cyberjammies,Cotton Rich Floral Long Nightdress,5.0,Product code: T838239,3.0,40.0,40.0,0.0,,"60% cotton, 40% modal"
Body,Personalised Women's Shortie Set,5.0,Product code: T049680P,1.0,32.5,32.5,0.0,,100% cotton (exclusive of trimmings)
Cyberjammies,Modal Rich Slouch Pyjama Top,5.0,Product code: T838171,1.0,22.0,22.0,0.0,,"95% modal, 5% elastane"
Cyberjammies,Cotton Modal Shell Print Pyjama Bottoms,5.0,Product code: T838042,2.0,24.0,24.0,0.0,,"60% cotton, 40% modal"
Cyberjammies,Cotton Modal Floral Pyjama Bottoms,5.0,Product code: T838139,1.0,26.0,26.0,0.0,,"60% cotton, 40% modal"
Cyberjammies,Modal Rich Short Nightshirt,4.0,Product code: T838131,3.0,32.0,32.0,0.0,,"95% modal, 5% elastane"
Cyberjammies,Pure Cotton Checked Pyjama Bottoms,0.0,Product code: T838305,,26.0,26.0,0.0,,100% cotton
Cyberjammies,Modal Lace Trim Cami Top,4.0,Product code: T838157,2.0,18.0,18.0,0.0,,100% modal
Wacoal,Embrace Floral Lace Short Chemise,4.32,Product code: T134723,19.0,54.0,54.0,0.0,,"82% nylon, 18% elastane"
M&S Collection,Personalised Women's Family Checked Nightshirt,4.31,Product code: T049690P,68.0,27.5,27.5,0.0,,100% cotton (exclusive of trimmings)
Cyberjammies,Cotton Modal Floral Long Dressing Gown,5.0,Product code: T838120,4.0,49.0,49.0,0.0,,"60% cotton, 40% modal"
Cyberjammies,Cotton Modal Ditsy Floral Pyjama Shorts,4.0,Product code: T838151,4.0,18.0,18.0,0.0,,"60% cotton, 40% modal"
Cyberjammies,Cotton Modal Broderie Pyjama Top,5.0,Product code: T838050,1.0,26.0,26.0,0.0,,"60% cotton, 40% modal"
Cyberjammies,Cotton Modal Broderie Pyjama Bottoms,4.33,Product code: T838040,3.0,28.0,28.0,0.0,,"60% cotton, 40% modal"
Cyberjammies,Cotton Modal Floral Print Pyjama Shorts,0.0,Product code: T838136,,18.0,18.0,0.0,,"60% cotton, 40% modal"
Cyberjammies,Modal Rich Pyjama Bottoms,0.0,Product code: T838308,,26.0,26.0,0.0,,"95% modal, 5% elastane"
Triumph,Aura Spotlight Lace Short Nightdress,5.0,Product code: T133026,2.0,38.0,38.0,0.0,,"95% viscose, 5% elastane"
Cyberjammies,Modal Rich Pyjama Top,5.0,Product code: T838162,2.0,22.0,22.0,0.0,,"95% modal, 5% elastane"
M&S Collection,Personalised Women's Bear Onesie with Ears,4.83,Product code: T049696P,6.0,42.0,42.0,0.0,,No composition found
Spencer Bear™,Personalised Women's Spencer Bear™ Onesie,4.59,Product code: T049697P,91.0,42.0,42.0,0.0,,"100% polyester (exclusive of trimmings), Cuff ribbing - 95% cotton, 5% elastane, Hood lining (of a product) - 100% polyester, Pocketing (pocket fabric composition) - 100% polyester"
M&S X GHOST,Floral Print Cami Top,3.0,Product code: T373408Z,1.0,16.0,16.0,0.0,,100% viscose (exclusive of trimmings)
M&S Collection,Personalised Women's Check Shortie Set,4.1,Product code: T049682P,21.0,32.5,32.5,0.0,,100% cotton (exclusive of trimmings)
Cyberjammies,Cami Top,0.0,Product code: T838417,,18.0,18.0,0.0,,100%  modal
Cyberjammies,Cotton Modal Celestial Print Pyjama Bottoms,0.0,Product code: T838302,,26.0,26.0,0.0,,"60% cotton, 40% modal"
Cyberjammies,Cotton Modal Broderie Short Dressing Gown,5.0,Product code: T838031,2.0,42.0,42.0,0.0,,"60% cotton, 40% modal"
Cyberjammies,Cotton Modal Shell Print Cami Top,3.0,Product code: T838032,2.0,18.0,18.0,0.0,,"60% cotton, 40% modal"
Wacoal,Embrace Floral Lace Short Chemise,4.32,Product code: T134723,19.0,54.0,54.0,0.0,,"82% nylon, 18% elastane"
Cyberjammies,Modal Rich Pyjama Top,5.0,Product code: T838144,1.0,22.0,22.0,0.0,,"95% modal, 5% elastane"
Spencer Bear™,Personalised Women's Spencer Bear™ Pyjamas,4.35,Product code: T049692P,140.0,29.5,29.5,0.0,,"95% cotton, 5% viscose (exclusive of trimmings)"
Cyberjammies,Modal Rich Pyjama Top,1.0,Product code: T838297,1.0,26.0,26.0,0.0,,"95% modal, 5% elastane"
Cyberjammies,Cotton Modal Broderie Strappy Short Chemise,2.0,Product code: T838013,3.0,35.0,35.0,0.0,,"60% cotton, 40% modal"
Cyberjammies,Cotton Modal Leaf Print Pyjama Bottoms,4.0,Product code: T838045,2.0,26.0,26.0,0.0,,"60% cotton, 40% modal"
Cyberjammies,Long Nightdress,4.0,Product code: T838135,4.0,35.0,35.0,0.0,,"95% modal, 5% elastane"
Wacoal,Embrace Floral Lace Short Chemise,4.32,Product code: T134723,19.0,54.0,54.0,0.0,,"82% nylon, 18% elastane"
Cyberjammies,Cotton Modal Broderie Pyjama Shorts,2.0,Product code: T838041,2.0,22.0,22.0,0.0,,"60% cotton, 40% modal"
Cyberjammies,Cotton Modal Geometric Pyjama Shorts,0.0,Product code: T838410,,18.0,18.0,0.0,,"60% cotton, 40% modal"
Cyberjammies,Cotton Modal Leopard Print Pyjama Bottoms,0.0,Product code: T838155,,26.0,26.0,0.0,,"60% cotton, 40% modal"
Cyberjammies,Modal Cami Top,1.0,Product code: T838169,1.0,18.0,18.0,0.0,,100% modal
Cyberjammies,Cotton Modal Ditsy Floral Pyjama Bottoms,0.0,Product code: T838164,,26.0,26.0,0.0,,"60% cotton, 40% modal"
DKNY,Cotton Rich Pyjama Set,4.0,Product code: T132420,4.0,79.0,79.0,0.0,,"60% cotton, 40% viscose"
Cyberjammies,Cotton Modal Leaf Print Pyjama Shorts,5.0,Product code: T838049,2.0,18.0,18.0,0.0,,"60% cotton, 40% modal"
Cyberjammies,Cotton Modal Floral Pyjama Bottoms,0.0,Product code: T838294,,26.0,26.0,0.0,,"60% cotton, 40% modal"
Cyberjammies,Cotton Modal Floral Long Dressing Gown,4.0,Product code: T838280,1.0,49.0,49.0,0.0,,"60% cotton, 40% modal"
Cyberjammies,Modal Rich Pyjama Top,0.0,Product code: T838165,,22.0,22.0,0.0,,"95% modal, 5% elastane"
Cyberjammies,Cotton Modal Celestial Print Pyjama Top,0.0,Product code: T838296,,26.0,26.0,0.0,,"60% cotton, 40% modal"
Hotmilk,Dream Strappy Nursing Chemise,0.0,Product code: T134450,,49.99,49.99,0.0,,"95% viscose, 5% elastane"
Cyberjammies,Modal Rich Short Nightshirt,0.0,Product code: T838311,,32.0,32.0,0.0,,"95% modal, 5% elastane"
Cyberjammies,Cotton Modal Floral Long Nightdress,0.0,Product code: T838312,,35.0,35.0,0.0,,"60% cotton, 40% modal"
Cyberjammies,Modal Rich Knit Revere Pyjama Top,0.0,Product code: T838160,,26.0,26.0,0.0,,"95% modal, 5% elastane"
DKNY,Cotton Rich Logo Pyjama Bottoms,0.0,Product code: T135070,,70.0,70.0,0.0,,"57% cotton, 38% viscose and 5% elastane"
Cyberjammies,Modal Rich Long Dressing Gown,0.0,Product code: T838317,,49.0,49.0,0.0,,"95% modal, 5% elastane"
Cyberjammies,Cotton Modal Berry Print Pyjama Bottoms,0.0,Product code: T838306,,26.0,26.0,0.0,,"60% cotton, 40% modal"
Cyberjammies,Cotton Modal Leaf Print Cami Top,1.0,Product code: T838039,1.0,18.0,18.0,0.0,,"60% cotton, 40% modal"
DKNY,Cotton Rich Logo Pyjama Bottoms,0.0,Product code: T135070,,70.0,70.0,0.0,,"57% cotton, 38% viscose and 5% elastane"
DKNY,Jersey Logo Print Short Robe,3.0,Product code: T135069,1.0,89.0,89.0,0.0,,"57% cotton, 38% viscose and 5% elastane"
Cyberjammies,Modal Rich Long Dressing Gown,0.0,Product code: T838318,,49.0,49.0,0.0,,"95% modal, 5% elastane"
Cyberjammies,Cotton Modal Floral Long Dressing Gown,3.5,Product code: T838240,2.0,49.0,49.0,0.0,,"60% cotton, 40% modal"
Cyberjammies,Cotton Modal Floral Nightdress,4.89,Product code: T838133,9.0,29.0,29.0,0.0,,"60% cotton, 40% modal"
Cyberjammies,Cotton Modal Floral Pyjama Top,0.0,Product code: T838309,,26.0,26.0,0.0,,"60% cotton, 40% modal"
Cyberjammies,Cotton Modal Leaf Print Long Dressing Gown,4.25,Product code: T838118,4.0,49.0,49.0,0.0,,"60% cotton, 40% modal"
Cyberjammies,Cotton Modal Pear Print Short Dressing Gown,5.0,Product code: T838027,4.0,35.0,35.0,0.0,,"60% cotton, 40% modal"
Cyberjammies,Modal Rich Lace Trim Pyjama Set,0.0,Product code: T838256,,52.0,52.0,0.0,,"95% modal, 5% elastane"
Triumph,Amourette Lace Short Chemise,4.67,Product code: T133320,21.0,40.0,40.0,0.0,,"95% viscose, 5% elastane, Lace - 87% polyamide, 13%  elastane, Trimming - 90% polyamide, 10% elastane"
Cyberjammies,Jersey Lace Trim Long Dressing Gown,0.0,Product code: T838272,,49.0,49.0,0.0,,"95% modal, 5% elastane"
Cyberjammies,Cotton Modal Pear Print Pyjama Shorts,5.0,Product code: T838047,1.0,18.0,18.0,0.0,,"60% cotton, 40% modal"
Cyberjammies,Cotton Modal Leopard Print Pyjama Top,0.0,Product code: T838150,,26.0,26.0,0.0,,"60% cotton, 40% modal"
Cyberjammies,Cotton Modal Flamingo Print Short Chemise,4.71,Product code: T838007T,28.0,21.0,29.0,8.0,On sale,"60% cotton, 40% modal"
Cyberjammies,Cotton Modal Floral Long Dressing Gown,4.14,Product code: T838117,7.0,49.0,49.0,0.0,,"60% cotton, 40% modal"
Cyberjammies,Cotton Modal Leopard Print Pyjama Shorts,0.0,Product code: T838416,,18.0,18.0,0.0,,"60% cotton, 40% modal"
Cyberjammies,Cotton Rich Leopard Print Nightdress,4.8,Product code: T838121,5.0,29.0,29.0,0.0,,"60% cotton, 40% modal"
Cyberjammies,Cotton Modal Berry Print Pyjama Top,0.0,Product code: T838310,,26.0,26.0,0.0,,"60% cotton, 40% modal"
Cyberjammies,Cotton Modal Floral Nightdress,4.44,Product code: T838130,18.0,29.0,29.0,0.0,,"60% cotton, 40% modal"
Cyberjammies,Cotton Modal Leaf Print Pyjama Bottoms,0.0,Product code: T838149,,26.0,26.0,0.0,,"60% cotton, 40% modal"
Cyberjammies,Cotton Modal Floral Print Pyjama Top,0.0,Product code: T838138,,26.0,26.0,0.0,,"60% cotton, 40% modal"
Cyberjammies,Pure Cotton Checked Short Nightshirt,5.0,Product code: T838314,1.0,32.0,32.0,0.0,,100% cotton
Cyberjammies,Cotton Modal Pear Print Cami Top,1.0,Product code: T838036,1.0,18.0,18.0,0.0,,"60% cotton, 40% modal"
Cyberjammies,Cotton Modal Ditsy Floral Pyjama Top,0.0,Product code: T838154,,26.0,26.0,0.0,,"60% cotton, 40% modal"
Cyberjammies,Modal Rich Lace Trim Pyjama Set,5.0,Product code: T838237,1.0,52.0,52.0,0.0,,"95% modal, 5% elastane"
Cyberjammies,Modal Rich Long Dressing Gown,0.0,Product code: T838241,,49.0,49.0,0.0,,"95% modal, 5% elastane"
Seasalt Cornwall,Pure Cotton Printed Cropped Pyjama Set,5.0,Product code: T838470T,4.0,55.0,55.0,0.0,,100% cotton
Seasalt Cornwall,Cotton Rich Floral Short Nightdress,4.0,Product code: T838471T,2.0,45.0,45.0,0.0,,"96% cotton, 4% elastane"
Cyberjammies,Cotton Modal Shell Print Pyjama Top,4.67,Product code: T838051,3.0,24.0,24.0,0.0,,"60% cotton, 40% modal"
Wacoal,Lace Perfection Chemise,4.0,Product code: T134030,3.0,62.0,62.0,0.0,,"72% polyamide, 19% elastane and 9% polyester"
Cyberjammies,Pure Cotton Checked Pyjama Top,0.0,Product code: T838295,,26.0,26.0,0.0,,100% cotton
Cyberjammies,Cotton Modal Floral Long Nightdress,5.0,Product code: T838259,1.0,40.0,40.0,0.0,,"60% cotton, 40% modal"
DKNY,Jersey Logo Midi Nightdress,5.0,Product code: T135068,1.0,79.0,79.0,0.0,,"57% cotton, 38% viscose and 5% elastane"
Cyberjammies,Cotton Modal Petal Print Long Nightdress,4.35,Product code: T839559S,17.0,22.0,35.0,13.0,On sale,"60% cotton, 40% modal"
Seasalt Cornwall,Organic Cotton Floral Shortie Set,5.0,Product code: T838472T,4.0,52.95,52.95,0.0,,100% cotton
Cyberjammies,Cotton Modal Palm Print Short Chemise,5.0,Product code: T838418,1.0,29.0,29.0,0.0,,"60% cotton, 40% modal"
Cyberjammies,Modal Rich Short Dressing Gown,1.0,Product code: T838026,1.0,35.0,35.0,0.0,,"95% modal, 5% elastane"
Cyberjammies,Cotton Modal Flamingo Print Dressing Gown,4.67,Product code: T838003T,15.0,26.0,35.0,9.0,On sale,"60% cotton, 40% modal"
Seasalt Cornwall,Cotton Rich Striped Cropped Pyjama Set,5.0,Product code: T838469T,6.0,55.0,55.0,0.0,,"96% cotton, 4% elastane"
Cyberjammies,Modal Rich Lace Trim Long Dressing Gown,0.0,Product code: T838273,,49.0,49.0,0.0,,"95% modal, 5% elastane"
Hotmilk,Dream Strappy Nursing Chemise,0.0,Product code: T134450,,49.99,49.99,0.0,,"95% viscose, 5% elastane"
DKNY,Cotton Rich Embroidered Pyjama Set,4.4,Product code: T132423,5.0,75.0,75.0,0.0,,"60% cotton, 40% viscose"
Cyberjammies,Modal Rich Long Nightdress,5.0,Product code: T838315,1.0,35.0,35.0,0.0,,"95% modal, 5% elastane"
Cyberjammies,Cotton Modal Palm Leaf Print Pyjama Shorts,5.0,Product code: T838148,2.0,18.0,18.0,0.0,,"60% cotton, 40% modal"
Cyberjammies,Modal Rich Pyjama Top,4.0,Product code: T838020T,1.0,11.0,22.0,11.0,On sale,"95% modal, 5% elastane"
Cyberjammies,Cotton Modal Floral Print Pyjama Top,2.0,Product code: T839486S,1.0,19.0,26.0,7.0,On sale,"60% cotton, 40% modal"
DKNY,Cotton Rich Logo Shortie Set,0.0,Product code: T135066,,69.0,69.0,0.0,,"57% cotton, 38% viscose and 5% elastane"
Cyberjammies,Modal Rich Lace Trim Long Nightdress,4.17,Product code: T838399T,12.0,20.0,40.0,20.0,On sale,"95% modal, 5% elastane"
Elomi,Embroidered Lace Strappy Chemise,5.0,Product code: T133043,2.0,52.0,52.0,0.0,,"75% nylon/polyamide, 10% elastane, 9% polyester and 6% cotton"
Cyberjammies,Cotton Modal Flamingo Cropped Pyjama Bottoms,4.88,Product code: T838034T,16.0,14.0,24.0,10.0,On sale,"60% cotton, 40% modal"
Cyberjammies,Cotton Modal Leaf Print Short Chemise,5.0,Product code: T838007,5.0,29.0,29.0,0.0,,"60% cotton, 40% modal"
Cyberjammies,Cotton Modal Shell Print Pyjama Shorts,4.5,Product code: T838037,2.0,18.0,18.0,0.0,,"60% cotton, 40% modal"
Wacoal,Instant Icon Lace Strappy Chemise,5.0,Product code: T134724,6.0,54.0,54.0,0.0,,"82% nylon, 18% elastane"
Cyberjammies,Modal Rich Lace Trim Long Dressing Gown,4.33,Product code: T838386T,3.0,25.0,49.0,24.0,On sale,"95% modal, 5% elastane"
DKNY,Fleece Printed Pyjama Set,0.0,Product code: T132454,,85.0,85.0,0.0,,"96% polyester, 4% elastane"
Seasalt Cornwall,Fleece Floral Long Dressing Gown,0.0,Product code: T838771,,59.95,59.95,0.0,,100% recycled polyester
Seasalt Cornwall,Fleece Floral Long Dressing Gown,0.0,Product code: T838776,,59.95,59.95,0.0,,100% recycled polyester
Cyberjammies,Jersey Bobble Trim Long Dressing Gown,4.0,Product code: T838393T,5.0,35.0,49.0,14.0,,"95% modal, 5% elastane"
Cyberjammies,Cotton Modal Printed Cropped Pyjama Bottoms,5.0,Product code: T838022T,15.0,13.0,24.0,11.0,On sale,"60% cotton, 40% modal"
Seasalt Cornwall,Pure Cotton Printed Tie Dressing Gown,5.0,Product code: T838480T,5.0,55.0,55.0,0.0,,100% cotton
Cyberjammies,Pure Cotton Checked Long Dressing Gown,0.0,Product code: T838320,,49.0,49.0,0.0,,100% cotton
DKNY,Jersey Logo Print Short Robe,3.0,Product code: T135069,1.0,89.0,89.0,0.0,,"57% cotton, 38% viscose and 5% elastane"
DKNY,Fleece Long Sleeve Hooded Zip Up Short Robe,0.0,Product code: T132434,,89.0,89.0,0.0,,100% polyester
DKNY,Hooded Long Dressing Gown,0.0,Product code: T132435,,99.0,99.0,0.0,,100% polyester
Cyberjammies,Modal Rich Long Nightdress,0.0,Product code: T838316,,35.0,35.0,0.0,,"95% modal, 5% elastane"
Nobody's Child,Satin Tie Scallop Trim Shortie Set,0.0,Product code: T822061,,15.0,49.0,34.0,On sale,"97% recyled polyester, 3% elastane"
DKNY,Cotton Rich Logo Shortie Set,0.0,Product code: T135066,,69.0,69.0,0.0,,"57% cotton, 38% viscose and 5% elastane"
DKNY,Jersey Logo Print Lounge Set,0.0,Product code: T132432,,85.0,85.0,0.0,,"95% polyester, 5% elastane"
Cyberjammies,Cotton Modal Floral Print Pyjama Top,4.6,Product code: T839380S,5.0,13.0,26.0,13.0,On sale,"60% cotton, 40% modal"
DKNY,Satin City Print Long Robe,0.0,Product code: T132437,,99.0,99.0,0.0,,100% polyester
Nobody's Child,Pure Cotton Floral Strappy Long Chemise,5.0,Product code: T823556,3.0,14.0,45.0,31.0,On sale,100% organic cotton
DKNY,Satin City Print Long Chemise,0.0,Product code: T132436,,79.0,79.0,0.0,,100% polyester
Cyberjammies,Modal Rich Lace Trim Short Nightdress,4.42,Product code: T838397T,12.0,20.0,40.0,20.0,On sale,"95% modal, 5% elastane"
Kate Spade,Shell Print Shortie Set,5.0,Product code: T131074,1.0,64.0,89.0,25.0,On sale,"94% polyester, 6% elastane"
Cyberjammies,Cotton Rich Shell Print Short Chemise,4.33,Product code: T838018,3.0,29.0,29.0,0.0,,"60% cotton, 40% modal"
DKNY,Cotton Rich Striped Logo Print Pyjama Set,0.0,Product code: T132438,,99.0,99.0,0.0,,"57% cotton, 38% polyester and 5% elastane"
Cyberjammies,Modal Rich Pyjama Bottoms,4.67,Product code: T838792S,9.0,18.0,26.0,8.0,On sale,"95% modal, 5% elastane"
DKNY,Fleece Herringbone Hooded Pyjama Set,0.0,Product code: T132439,,89.0,89.0,0.0,,"96% polyester, 4% elastane"
Cyberjammies,Cotton Modal Floral Short Chemise,5.0,Product code: T838313,2.0,29.0,29.0,0.0,,"60% cotton, 40% modal"
Cyberjammies,Cotton Modal Floral Print Pyjama Top,4.0,Product code: T839344S,6.0,18.0,26.0,8.0,On sale,"60% cotton, 40% modal"
Cyberjammies,Cotton Modal Floral Short Chemise,5.0,Product code: T838313,2.0,29.0,29.0,0.0,,"60% cotton, 40% modal"
Cyberjammies,Cotton Modal Tile Print Short Chemise,4.07,Product code: T838006T,15.0,15.0,29.0,14.0,On sale,"60% cotton, 40% modal"
Cyberjammies,Cotton Modal Floral Print Pyjama Top,4.0,Product code: T839344S,6.0,18.0,26.0,8.0,On sale,"60% cotton, 40% modal"
Cyberjammies,Cotton Modal Berry Print Pyjama Top,0.0,Product code: T838310,,26.0,26.0,0.0,,"60% cotton, 40% modal"
DKNY,Jersey Logo Print Short Nightshirt,0.0,Product code: T132433,,69.0,69.0,0.0,,"95% polyester, 5% elastane"
Cyberjammies,Modal Rich Lace Trim Long Dressing Gown,3.6,Product code: T838389T,5.0,25.0,49.0,24.0,On sale,"95% modal, 5% elastane"
Seasalt Cornwall,Cotton Rich Floral Short Nightdress,5.0,Product code: T838477T,2.0,45.0,45.0,0.0,,"96% cotton, 4% elastane"
Cyberjammies,Supersoft Modal Rich Long Dressing Gown,3.63,Product code: T839587S,8.0,32.0,49.0,17.0,On sale,"95% modal, 5% elastine"
Cyberjammies,Cotton Modal Wheat Print Short Nightdress,4.75,Product code: T838400T,8.0,18.0,35.0,17.0,On sale,"60% cotton, 40% modal"
Cyberjammies,Modal Rich Long Nightdress,5.0,Product code: T838315,1.0,35.0,35.0,0.0,,"95% modal, 5% elastane"
Cyberjammies,Cotton Modal Petal Print Pyjama Bottoms,4.67,Product code: T838794S,6.0,18.0,26.0,8.0,On sale,"60% cotton, 40% modal"
Cyberjammies,Cotton Modal Floral Pyjama Bottoms,4.25,Product code: T838029T,4.0,19.0,26.0,7.0,On sale,"60% cotton, 40% modal"
Nobody's Child,Pure Cotton Floral Scallop Trim Shortie Set,2.5,Product code: T823554,2.0,18.0,59.0,41.0,On sale,100% organic cotton
Cyberjammies,Cotton Modal Tile Print Pyjama Top,5.0,Product code: T838021T,7.0,12.0,24.0,12.0,On sale,"60% cooton, 40% modal"
Cyberjammies,Cotton Modal Floral Long Nightdress,4.2,Product code: T838395T,10.0,20.0,40.0,20.0,On sale,"60% cotton, 40% modal"
Nobody's Child,Satin Lace Trim Strappy Midi Nightdress,5.0,Product code: T822053,5.0,14.0,45.0,31.0,On sale,"97% recyled polyester, 3% elastane"
Cyberjammies,Cotton Modal Flamingo Pyjama Shorts,4.67,Product code: T838037T,6.0,9.0,18.0,9.0,On sale,"60% cotton, 40% modal"
Nobody's Child,Pure Cotton Floral Pyjama Set,4.0,Product code: T823552,4.0,18.0,59.0,41.0,,100% organic cotton
Cyberjammies,Cotton Modal Floral Pyjama Bottoms,5.0,Product code: T838023T,7.0,15.0,26.0,11.0,On sale,"60% cotton, 40% modal"
Cyberjammies,Cotton Modal Tile Print Short Dressing Gown,4.55,Product code: T838001T,11.0,26.0,35.0,9.0,On sale,"60% cotton, 40% modal"
Seasalt Cornwall,Pure Cotton Printed Cropped Pyjama Set,4.0,Product code: T838467T,2.0,55.0,55.0,0.0,,100% cotton
Cyberjammies,Cotton Rich Floral Print Pyjama Top,4.2,Product code: T838030T,5.0,9.5,18.0,8.5,,"60% cotton, 40% modal"
Cyberjammies,Cotton Modal Floral Print Cami Top,3.88,Product code: T838018T,8.0,9.0,18.0,9.0,,"60% cotton, 40% modal"
Cyberjammies,Modal Rich Pyjama Top,5.0,Product code: T838035T,2.0,11.0,22.0,11.0,,"95% modal, 5% elastane"
Nobody's Child,Satin Lace Trim Strappy Short Nightdress,5.0,Product code: T822054,1.0,12.0,39.0,27.0,On sale,"97% recyled polyester, 3% elastane"
Seasalt Cornwall,Cotton Rich Floral Shortie Set,5.0,Product code: T838479T,4.0,49.95,49.95,0.0,,"96% cotton, 4% elastane"
Cyberjammies,Cotton Modal Floral Long Dressing Gown,4.78,Product code: T838394T,9.0,25.0,49.0,24.0,On sale,"60% cotton, 40% modal"
Cyberjammies,Modal Rich Cap Sleeve Pyjama Top,5.0,Product code: T838026T,4.0,16.0,22.0,6.0,On sale,"95% modal, 5% elastane"
Fantasie,Reflect Lace Trim Chemise,4.0,Product code: T131644,4.0,52.0,52.0,0.0,,"73% polyamide, 27% elastane"
Nobody's Child,Pure Cotton Floral Pyjama Set,4.0,Product code: T823552,4.0,18.0,59.0,41.0,,100% organic cotton
Elomi,Embroidered Lace Strappy Chemise,5.0,Product code: T133043,2.0,52.0,52.0,0.0,,"75% nylon/polyamide, 10% elastane, 9% polyester and 6% cotton"
DKNY,Jersey Logo Midi Nightdress,5.0,Product code: T135068,1.0,79.0,79.0,0.0,,"57% cotton, 38% viscose and 5% elastane"
Cyberjammies,Modal Rich Lace Trim Pyjama Set,3.5,Product code: T838404T,2.0,36.0,52.0,16.0,On sale,"95% modal, 5% elastane"
Fantasie,Adelle Full Briefs,0.0,Product code: T131109,,18.0,18.0,0.0,,"85% recycled polyester, 13% elastane and 2% polyester"
DKNY,Jersey Strappy Logo Short Chemise,3.0,Product code: T135072,2.0,69.0,69.0,0.0,,"57% cotton, 38% viscose and 5% elastane"
M&S Collection,3pk Cotton Rich Lace Trim Vests,4.58,Product code: T324534,886.0,10.0,10.0,0.0,,"90% cotton, 6% elastane lycra® and 4% polyamide (exclusive of trimmings)"
M&S Collection,2pk Cotton Rich Secret Support™ Vests,4.01,Product code: T325079,300.0,22.5,22.5,0.0,,"91% cotton, 9% elastane lycra"
Body,2pk Flexifit™ Modal Rich Vests,4.51,Product code: T326867,275.0,20.0,20.0,0.0,,"91% modal, 9% elastane (exclusive of trimmings)"
Body,Cotton Rich Bra Vest Padded Cups,3.87,Product code: T325089,137.0,18.0,18.0,0.0,,"88% cotton, 12% elastane (exclusive of trimmings), Cup lining (of a bra) - 100% polyester"
M&S Collection,3pk Cotton Rich Strappy Vests,4.5,Product code: T324533,797.0,10.0,10.0,0.0,,"95% cotton, 5% elastane lycraâ® (exclusive of trimmings)"
M&S Collection,3pk Cotton Rich Strappy Vests,4.5,Product code: T324533,797.0,10.0,10.0,0.0,,"95% cotton, 5% elastane lycraâ® (exclusive of trimmings)"
M&S Collection,3pk Cotton Rich Strappy Vests,4.5,Product code: T324533,795.0,10.0,10.0,0.0,,"95% cotton, 5% elastane lycraâ® (exclusive of trimmings)"
M&S Collection,3pk Cotton Rich Lace Trim Vests,4.58,Product code: T324534,886.0,10.0,10.0,0.0,,"90% cotton, 6% elastane lycra® and 4% polyamide (exclusive of trimmings)"
Body,2pk Flexifit™ Modal Rich Vests,4.51,Product code: T326867,275.0,20.0,20.0,0.0,,"91% modal, 9% elastane (exclusive of trimmings)"
M&S Collection,2pk Cotton Rich Secret Support™ Vests,4.01,Product code: T325079,300.0,22.5,22.5,0.0,,"91% cotton, 9% elastane lycra"
M&S Collection,2pk Secret Support™ Vest Fuller Bust,3.95,Product code: T325099,98.0,20.0,20.0,0.0,,"95% cotton, 5% elastane (exclusive of trimmings)"
M&S Collection,3pk Cotton Rich Lace Trim Vests,4.58,Product code: T324534,886.0,10.0,10.0,0.0,,"90% cotton, 6% elastane lycra® and 4% polyamide (exclusive of trimmings)"
M&S Collection,3pk Cotton Rich Lace Trim Vests,4.58,Product code: T324534,886.0,10.0,10.0,0.0,,"90% cotton, 6% elastane lycra® and 4% polyamide (exclusive of trimmings)"
M&S Collection,3pk Cotton Rich Strappy Vests,4.5,Product code: T324533,798.0,10.0,10.0,0.0,,"95% cotton, 5% elastane lycraâ® (exclusive of trimmings)"
M&S Collection,3pk Cotton Rich Strappy Vests,4.5,Product code: T324533,795.0,10.0,10.0,0.0,,"95% cotton, 5% elastane lycraâ® (exclusive of trimmings)"
M&S Collection,2pk Cotton Rich Secret Support™ Vests,4.01,Product code: T325079,300.0,22.5,22.5,0.0,,"91% cotton, 9% elastane lycra"
DKNY,Jersey Strappy Logo Short Chemise,3.0,Product code: T135072,2.0,69.0,69.0,0.0,,"57% cotton, 38% viscose and 5% elastane"
M&S Collection,2pk Cotton Rich Secret Support™ Vests,4.35,Product code: T325090,71.0,22.5,22.5,0.0,,"97% cotton, 3% elastane lycra® (exclusive of trimmings)"
M&S Collection,2pk Cotton Rich Secret Support™ Vests,3.52,Product code: T325098,102.0,20.0,20.0,0.0,,"72% cotton, 15% polyamide, 1% polyester and 12% elastane lycra® (exclusive of trimmings)"
M&S Collection,2pk Cool Comfort Vest,4.18,Product code: T327599,190.0,20.0,20.0,0.0,,"84% polyamide, 16% elastane (exclusive of trimmings)"
M&S Collection,2pk Cool Comfort Vest,4.18,Product code: T327599,190.0,20.0,20.0,0.0,,"84% polyamide, 16% elastane (exclusive of trimmings)"
